emp_id,T_id,project_score,hackerrank_score,completed
E2082,T001,18,32,0
E467,T002,32,8,0
E261,T003,23,83,1
E699,T004,37,24,1
E3749,T005,18,72,1
E716,T006,22,6,0
E3887,T007,5,28,0
E3675,T008,84,64,1
E4278,T009,24,20,0
E1343,T008,16,26,0
E3210,T008,94,44,1
E4752,T010,82,32,0
E3705,T011,55,26,1
E3660,T012,36,72,1
E1073,T001,33,32,0
E3803,T006,17,23,0
E092,T013,82,65,0
E4881,T007,73,53,1
E1938,T001,39,86,0
E2377,T005,97,83,1
E2701,T009,39,4,0
E2412,T009,7,40,1
E4190,T011,33,6,0
E2974,T013,46,14,1
E924,T001,8,0,0
E1282,T007,40,19,0
E3866,T001,11,10,0
E2823,T010,22,6,1
E064,T014,2,13,0
E3531,T008,9,35,0
E2563,T010,20,5,0
E3849,T015,19,29,0
E3011,T001,6,18,0
E4824,T007,38,100,1
E2351,T005,29,72,1
E1803,T010,42,41,1
E4713,T008,54,58,1
E1049,T015,10,1,0
E2100,T001,34,3,0
E3800,T001,39,30,0
E851,T001,9,89,1
E4530,T012,25,71,1
E520,T001,13,32,0
E3864,T014,26,36,1
E711,T012,39,32,0
E1288,T004,49,39,1
E491,T014,80,13,1
E935,T002,34,36,0
E3901,T003,58,56,1
E4981,T013,9,40,0
E3465,T001,13,10,1
E1268,T014,4,21,0
E1459,T010,25,21,0
E823,T001,10,76,1
E4552,T013,11,39,0
E3926,T008,4,1,0
E1748,T001,24,21,0
E4467,T004,38,55,1
E955,T002,47,18,1
E2138,T007,26,10,0
E4800,T002,17,10,0
E113,T006,24,0,1
E784,T005,55,65,1
E3826,T005,31,40,0
E2453,T002,3,96,1
E3012,T012,96,75,1
E1536,T002,37,46,1
E4639,T012,63,41,1
E1183,T013,40,3,0
E2030,T013,21,46,1
E087,T012,20,71,1
E089,T013,19,19,0
E1529,T002,30,28,0
E1323,T001,38,35,0
E4987,T008,2,67,1
E4117,T012,17,13,0
E1312,T013,5,36,0
E3339,T010,86,67,1
E4564,T001,85,21,1
E1840,T005,56,80,1
E1659,T008,16,33,0
E865,T012,84,11,1
E165,T012,17,97,1
E3923,T002,70,19,1
E062,T005,50,79,1
E3900,T007,15,2,0
E3236,T005,2,31,0
E549,T006,97,32,0
E3254,T013,26,41,1
E4026,T007,94,71,0
E2536,T014,17,27,1
E4596,T007,17,25,1
E2937,T015,23,72,1
E3648,T012,41,75,1
E4206,T007,50,79,1
E1329,T007,54,87,1
E3767,T013,3,39,0
E3300,T009,25,76,0
E2665,T011,31,15,0
E1603,T007,73,40,1
E4494,T014,99,23,1
E2149,T001,17,28,0
E3119,T003,80,60,1
E3837,T010,58,67,1
E3255,T012,33,31,0
E3314,T012,4,28,0
E4228,T011,15,73,1
E810,T014,71,47,0
E4993,T004,12,75,1
E791,T015,17,20,1
E1934,T001,56,2,1
E1653,T001,25,36,0
E2766,T014,9,2,1
E817,T002,51,68,1
E1318,T008,43,11,1
E3065,T002,1,44,1
E3957,T013,8,86,1
E3430,T003,16,62,1
E1534,T002,43,18,1
E712,T008,32,40,0
E669,T007,5,88,1
E1195,T008,18,10,1
E589,T002,31,69,1
E2398,T006,92,15,1
E1589,T007,83,67,1
E2323,T012,3,11,0
E895,T001,86,9,1
E4438,T012,35,25,0
E1074,T004,31,8,1
E3096,T012,9,80,1
E3762,T011,25,36,1
E1627,T001,26,18,1
E2811,T011,10,47,1
E410,T014,88,9,1
E2640,T008,91,23,1
E4188,T010,18,88,1
E2244,T011,66,82,1
E4239,T003,15,3,0
E857,T014,45,23,1
E1452,T008,11,30,0
E080,T001,30,15,0
E1648,T001,2,25,0
E3933,T008,2,17,0
E1084,T012,35,17,0
E502,T013,78,7,1
E3532,T011,2,86,1
E4710,T013,9,5,0
E2665,T007,37,70,1
E4324,T014,16,57,0
E2011,T005,11,35,0
E4225,T001,18,61,1
E2887,T015,71,84,1
E1797,T008,23,25,0
E4829,T007,68,46,1
E2354,T008,19,27,1
E3464,T015,29,25,1
E3275,T010,14,93,0
E611,T013,40,92,1
E353,T013,3,35,0
E830,T007,1,22,0
E3481,T005,56,60,1
E4722,T009,38,37,0
E1418,T008,66,2,1
E2612,T012,1,32,1
E1264,T003,23,9,0
E4635,T003,96,38,1
E2147,T004,4,10,0
E1307,T009,11,19,0
E4180,T006,23,6,0
E091,T002,27,0,0
E1708,T010,14,6,0
E2942,T008,55,59,1
E863,T011,0,14,0
E173,T004,16,35,0
E675,T008,30,2,0
E3477,T001,35,32,0
E3441,T011,3,27,1
E4357,T002,38,17,0
E285,T012,35,40,0
E4849,T008,36,81,1
E5000,T013,33,8,1
E1980,T001,16,44,1
E1800,T013,80,1,1
E3886,T013,54,92,1
E3127,T012,16,34,0
E4641,T013,56,2,1
E2137,T008,39,69,1
E1627,T003,55,65,1
E2001,T009,9,49,0
E915,T008,7,12,0
E1926,T015,2,13,0
E2169,T010,83,38,1
E4544,T001,61,73,0
E4069,T011,68,69,1
E3844,T004,19,11,0
E3753,T002,70,51,1
E3787,T002,26,12,0
E1119,T004,4,14,0
E4979,T003,19,28,1
E4988,T014,14,29,0
E174,T002,63,97,1
E1183,T005,44,8,1
E641,T002,68,54,1
E2454,T008,3,40,1
E2560,T015,4,67,1
E3842,T010,24,32,0
E306,T005,17,31,0
E3273,T005,36,14,0
E2639,T004,94,18,1
E772,T012,36,20,0
E4902,T010,20,62,1
E1878,T004,39,25,0
E3912,T007,74,62,1
E2160,T010,25,39,0
E3729,T006,1,7,0
E1694,T008,5,26,0
E003,T014,2,9,0
E3312,T013,7,38,0
E586,T010,1,35,0
E2310,T001,43,90,1
E4629,T002,71,27,1
E2098,T014,72,89,1
E3179,T009,59,75,1
E2810,T007,23,59,1
E903,T015,2,90,1
E3020,T013,18,9,0
E4871,T007,39,16,0
E4031,T007,28,12,0
E2713,T005,16,83,1
E3478,T004,22,42,1
E1322,T007,1,4,0
E1779,T010,25,40,0
E1751,T013,28,1,0
E2030,T014,4,28,0
E241,T006,12,27,0
E1261,T005,7,51,1
E1004,T001,67,32,1
E2305,T015,37,71,1
E2937,T010,40,30,0
E223,T008,15,32,0
E4070,T001,74,5,1
E352,T001,27,18,0
E104,T004,4,72,0
E1300,T007,11,16,0
E3863,T013,37,23,0
E2503,T007,42,41,1
E2129,T014,32,20,0
E1152,T005,10,27,0
E3069,T013,22,29,1
E1951,T015,22,5,1
E2527,T013,33,12,1
E261,T014,6,36,0
E083,T002,6,3,0
E3051,T009,18,26,0
E1681,T012,65,51,1
E3657,T011,37,5,0
E4959,T007,83,94,1
E4856,T015,1,32,0
E1563,T013,72,97,1
E3839,T011,2,5,0
E3102,T008,16,13,0
E024,T008,3,16,0
E4461,T009,45,87,1
E2370,T014,29,12,0
E2769,T002,24,12,0
E2360,T012,34,27,0
E2989,T007,37,23,0
E1309,T009,19,64,1
E1200,T013,48,1,1
E2617,T008,29,100,1
E1356,T009,23,34,0
E4848,T014,93,39,1
E1652,T013,95,82,1
E2071,T012,9,7,0
E229,T014,87,20,1
E1066,T012,54,95,1
E3147,T012,8,39,0
E4282,T013,86,78,1
E1203,T002,73,15,1
E2209,T004,28,25,0
E2323,T001,31,22,0
E3334,T013,5,39,1
E413,T012,1,29,1
E1828,T002,32,8,0
E1131,T013,91,67,1
E1280,T008,36,27,1
E4291,T003,21,2,0
E1919,T013,1,22,0
E3868,T002,10,28,0
E3927,T014,79,9,0
E4317,T001,3,27,0
E3134,T007,7,0,1
E366,T003,40,5,0
E4916,T002,37,9,0
E3003,T009,11,63,0
E4420,T004,39,4,0
E247,T005,81,20,1
E3062,T014,81,32,1
E1598,T003,24,24,0
E025,T010,7,11,0
E2374,T002,36,32,1
E625,T003,37,19,0
E1386,T002,32,24,0
E4708,T008,36,16,0
E2720,T014,19,16,0
E4986,T006,72,53,1
E3652,T006,7,32,1
E007,T001,1,5,0
E4108,T001,17,25,0
E1900,T003,35,23,0
E1561,T005,95,34,1
E2684,T007,88,27,1
E166,T014,34,42,1
E2720,T008,40,39,0
E2988,T001,40,32,0
E3097,T002,6,32,0
E4856,T001,17,18,1
E1328,T013,84,18,1
E1426,T009,24,38,0
E1570,T014,6,7,0
E4381,T009,66,39,1
E869,T008,62,1,1
E4758,T007,91,18,1
E2554,T012,42,44,1
E2499,T009,26,41,1
E2178,T009,72,85,1
E2908,T012,44,96,1
E3296,T013,25,12,0
E3743,T001,1,19,0
E200,T008,45,0,1
E4200,T010,27,6,0
E2163,T009,22,9,0
E1784,T003,1,9,1
E4762,T001,15,37,0
E4417,T015,6,21,0
E126,T004,92,84,1
E3029,T011,86,68,1
E1231,T003,62,84,1
E3039,T001,31,0,1
E558,T003,26,73,1
E553,T006,14,22,0
E1568,T007,66,44,1
E689,T007,18,34,0
E300,T001,50,65,1
E3031,T008,21,31,0
E4518,T008,2,35,0
E4043,T001,1,20,0
E3483,T008,36,27,0
E1235,T013,21,17,1
E1871,T014,8,11,0
E2986,T002,22,45,0
E4559,T007,45,15,1
E2619,T015,84,24,1
E2473,T008,6,9,0
E3914,T010,30,20,0
E4328,T014,75,13,1
E1366,T010,8,37,0
E4024,T005,21,1,0
E3408,T014,4,25,0
E1728,T004,27,13,0
E3653,T012,28,12,0
E424,T004,27,0,0
E3733,T015,3,36,0
E1433,T010,64,14,1
E2051,T005,2,16,0
E3116,T011,0,5,0
E2134,T007,40,15,0
E1172,T001,38,10,1
E1940,T011,27,70,1
E520,T010,19,29,0
E2838,T014,84,75,1
E652,T007,39,17,0
E4398,T014,0,25,0
E690,T001,100,90,1
E4694,T007,28,11,0
E3013,T009,48,61,1
E1665,T004,18,36,0
E2120,T002,91,8,1
E2182,T007,3,0,0
E3678,T002,61,95,0
E4709,T011,9,36,0
E623,T013,14,29,0
E3507,T002,40,20,0
E042,T007,91,26,1
E4481,T010,18,30,0
E3829,T011,11,75,1
E3691,T006,59,39,1
E1399,T001,4,13,1
E3480,T011,24,14,0
E4280,T004,29,22,0
E1902,T007,41,49,0
E563,T013,68,50,1
E3937,T008,56,1,1
E2500,T004,11,36,0
E278,T001,70,73,1
E962,T014,34,40,0
E437,T006,43,41,1
E1972,T008,15,22,0
E3788,T007,89,63,1
E415,T001,67,0,1
E1440,T007,16,30,0
E3057,T003,12,38,0
E4566,T001,44,21,1
E1871,T009,8,27,0
E2187,T012,37,53,1
E614,T013,35,38,0
E3496,T013,57,50,1
E2265,T015,30,3,0
E4571,T005,29,32,0
E3010,T013,35,11,0
E671,T012,7,27,0
E3703,T001,40,51,1
E1767,T011,79,4,1
E4593,T007,68,91,1
E1429,T011,16,31,0
E279,T013,52,25,1
E4841,T007,21,40,0
E3283,T008,28,35,0
E1043,T006,30,13,0
E3318,T010,3,40,0
E2445,T013,26,12,0
E4857,T014,75,36,1
E421,T005,72,85,0
E2961,T003,18,33,0
E3086,T012,9,42,1
E2073,T005,5,1,1
E529,T012,46,86,1
E2374,T013,97,23,1
E083,T008,11,2,1
E720,T013,25,32,0
E3037,T009,28,6,0
E3669,T013,48,3,1
E1643,T005,40,37,0
E908,T011,75,23,1
E1992,T009,28,14,0
E607,T014,0,3,0
E4608,T003,42,72,1
E4793,T012,4,34,0
E3491,T013,2,17,0
E4239,T014,2,9,0
E3263,T015,28,28,1
E4464,T012,35,22,0
E2698,T008,38,18,0
E4571,T013,3,35,0
E3356,T012,78,3,1
E431,T003,11,84,1
E1887,T012,39,12,0
E752,T008,29,3,0
E598,T009,34,93,1
E887,T002,28,1,1
E4578,T009,24,6,0
E2262,T009,7,34,0
E546,T005,64,38,1
E1274,T013,14,14,0
E3673,T012,40,14,0
E4281,T013,84,87,1
E1669,T009,34,0,0
E4715,T013,43,54,1
E151,T006,23,28,0
E3554,T003,15,70,1
E2689,T001,51,6,1
E917,T002,7,22,0
E4347,T003,56,47,1
E260,T010,8,30,1
E665,T009,58,29,0
E1621,T009,6,76,1
E3301,T012,19,25,0
E2750,T008,28,68,1
E249,T009,51,81,1
E1795,T001,86,0,1
E3001,T012,21,30,1
E1492,T013,78,11,1
E4795,T007,17,34,0
E3441,T010,39,12,0
E099,T004,37,24,1
E1863,T012,9,7,0
E3510,T012,0,39,0
E3190,T011,90,86,1
E250,T013,50,19,1
E4418,T010,13,28,0
E453,T001,59,30,0
E985,T003,27,16,0
E2934,T014,37,52,1
E3419,T012,11,80,1
E200,T004,11,18,1
E4671,T006,91,47,1
E3144,T014,29,5,0
E634,T010,59,50,1
E2407,T015,100,92,1
E397,T013,82,23,1
E4997,T008,16,3,0
E2946,T002,35,19,0
E3139,T003,36,8,1
E3328,T003,20,55,1
E342,T015,92,39,1
E3448,T001,82,51,1
E550,T014,35,50,1
E3380,T003,13,76,1
E3099,T006,38,35,1
E1583,T013,79,2,1
E1798,T007,14,1,1
E1966,T002,39,34,0
E4389,T005,83,67,0
E4041,T002,11,35,0
E4768,T004,54,3,0
E1291,T007,25,7,0
E198,T013,72,47,1
E1797,T015,35,2,0
E009,T007,4,30,0
E2928,T013,27,24,0
E1289,T015,24,21,1
E533,T004,93,92,1
E3227,T002,0,17,0
E2612,T008,12,5,0
E2008,T015,68,41,1
E2954,T005,87,38,0
E3187,T006,20,31,0
E3630,T005,3,20,0
E938,T009,13,13,0
E1232,T005,32,16,0
E335,T001,32,26,1
E1847,T006,54,25,1
E973,T011,22,29,0
E1523,T002,26,24,0
E2288,T009,46,54,1
E293,T005,100,54,1
E381,T004,8,37,0
E1782,T003,66,25,1
E4804,T006,81,74,0
E2408,T003,31,25,0
E2456,T002,18,38,0
E1811,T006,34,77,1
E2067,T009,15,53,1
E454,T007,35,36,0
E067,T004,38,21,0
E2065,T007,23,15,0
E4785,T001,34,2,0
E4433,T011,16,18,0
E2555,T014,74,98,0
E3539,T011,53,9,1
E4272,T010,33,13,0
E3890,T003,26,11,0
E1644,T014,22,4,0
E1725,T001,35,22,1
E1825,T010,63,45,1
E2031,T013,25,2,0
E1723,T013,72,63,1
E2349,T005,31,65,0
E2796,T013,5,47,1
E1913,T006,78,98,1
E1795,T014,30,64,1
E4944,T003,13,13,0
E2560,T012,24,3,0
E4815,T008,27,34,0
E1139,T008,29,99,1
E2884,T013,84,99,1
E1125,T008,58,46,1
E1538,T011,14,35,0
E4718,T005,37,22,0
E1915,T002,75,22,1
E2195,T006,14,11,0
E3488,T009,13,14,0
E3147,T004,18,6,0
E4518,T007,22,88,1
E2287,T014,4,25,0
E3960,T007,0,31,0
E4173,T012,42,33,0
E4795,T001,86,45,1
E1319,T001,96,81,1
E946,T004,25,15,1
E2040,T008,57,49,1
E2046,T011,39,19,1
E2871,T001,12,55,1
E1845,T014,37,3,1
E677,T004,27,1,0
E2188,T008,34,5,0
E166,T006,24,50,1
E1602,T001,14,5,0
E2101,T014,1,48,1
E1068,T012,1,20,0
E2919,T001,29,51,1
E1256,T002,77,95,1
E3161,T013,47,18,1
E1250,T012,32,7,0
E1645,T007,22,37,1
E4384,T001,10,24,0
E3429,T014,36,29,0
E1982,T001,5,34,1
E224,T005,19,4,1
E2821,T012,17,57,1
E4797,T008,29,40,1
E4731,T012,57,53,1
E2473,T004,25,40,0
E3111,T008,33,27,0
E005,T008,38,13,1
E3790,T014,35,35,0
E286,T009,58,99,1
E2857,T013,91,48,1
E1385,T001,12,25,0
E1000,T009,86,86,1
E1922,T011,2,59,1
E3926,T014,49,41,1
E3341,T002,79,39,0
E1804,T001,27,21,0
E1589,T001,38,37,0
E3803,T015,27,3,0
E416,T006,7,0,0
E4504,T012,11,40,0
E3648,T004,78,100,0
E3684,T008,95,15,1
E1754,T010,0,4,0
E043,T008,40,5,0
E2412,T007,16,28,0
E236,T004,10,7,0
E2616,T009,100,32,1
E4228,T007,8,26,0
E3819,T011,42,66,1
E2682,T008,44,61,1
E3677,T007,91,96,1
E1543,T005,51,52,0
E3001,T003,55,42,1
E094,T001,11,31,0
E2851,T001,97,29,1
E2127,T005,34,20,0
E639,T012,47,60,1
E2823,T009,28,57,1
E4660,T008,43,45,1
E1908,T001,73,86,1
E909,T014,97,17,0
E2387,T004,5,9,0
E012,T007,32,0,0
E3516,T008,20,24,0
E2117,T004,25,49,1
E2510,T010,96,72,1
E2743,T007,9,35,0
E3339,T004,11,91,1
E3671,T003,0,47,1
E2857,T008,29,8,1
E3488,T006,39,4,1
E1367,T005,3,32,0
E637,T014,69,29,1
E2459,T010,10,44,1
E4606,T006,39,1,0
E1111,T008,26,18,0
E575,T012,79,55,1
E4645,T013,99,58,1
E1163,T002,49,42,1
E2782,T008,58,24,1
E1014,T015,21,16,0
E1885,T015,10,10,1
E3017,T012,2,10,1
E559,T010,21,4,0
E2548,T008,18,29,0
E2647,T007,31,7,0
E4182,T013,5,27,0
E2908,T013,90,6,1
E3163,T002,39,38,1
E4209,T007,21,5,0
E3807,T009,31,32,0
E3066,T001,94,27,1
E1610,T001,58,100,1
E1299,T004,84,17,1
E2212,T006,9,7,0
E2686,T007,36,76,1
E3301,T013,20,35,0
E1069,T011,28,22,0
E1765,T007,12,27,0
E4140,T005,66,87,1
E010,T005,43,77,1
E209,T002,20,86,1
E624,T004,58,7,1
E3502,T002,24,70,1
E003,T009,12,5,0
E1884,T001,75,4,0
E1055,T013,38,3,1
E531,T008,5,84,1
E1680,T005,24,11,0
E4061,T015,4,23,0
E921,T001,88,100,1
E1526,T002,4,7,0
E1189,T005,38,19,0
E3477,T008,34,7,0
E484,T007,82,30,1
E212,T001,98,72,1
E3237,T001,29,82,1
E3703,T003,10,32,0
E4450,T009,6,21,0
E3220,T007,66,12,1
E3558,T001,90,54,1
E4871,T014,4,22,0
E2125,T010,24,28,1
E1420,T013,100,73,1
E4498,T010,6,26,0
E1466,T005,40,11,0
E2854,T007,4,19,0
E3478,T008,17,16,0
E076,T005,11,18,1
E394,T010,31,10,0
E4907,T002,20,15,0
E4000,T003,29,29,0
E4573,T009,19,0,0
E1415,T012,2,21,0
E076,T006,4,13,1
E4946,T002,77,78,0
E3902,T008,38,5,0
E3999,T002,63,93,1
E3385,T015,29,32,0
E414,T002,25,6,0
E2156,T007,11,38,0
E4090,T007,98,45,1
E3195,T008,0,36,0
E933,T007,32,29,0
E2879,T008,20,20,0
E3445,T004,46,23,1
E4307,T011,28,19,0
E1109,T002,64,74,1
E4526,T001,5,32,0
E3934,T001,8,7,0
E4552,T012,58,50,1
E3814,T013,8,17,0
E4452,T010,26,0,0
E2501,T013,90,31,1
E4771,T005,22,14,0
E3455,T008,25,49,1
E246,T010,0,2,0
E4378,T013,37,45,1
E3597,T008,31,14,0
E4168,T013,19,34,0
E2622,T014,39,14,0
E3595,T015,3,17,0
E913,T013,65,39,1
E053,T008,18,3,1
E3919,T008,3,20,0
E3132,T014,18,22,0
E1041,T002,18,63,1
E3528,T007,35,32,0
E4198,T015,32,18,1
E3119,T015,55,0,1
E2630,T002,65,91,1
E3520,T003,16,6,0
E2943,T002,98,22,1
E1954,T001,18,14,0
E669,T008,40,29,0
E3147,T010,13,12,0
E4721,T009,80,64,1
E4026,T014,14,77,1
E465,T006,23,37,0
E3709,T007,36,0,0
E104,T001,32,30,0
E3362,T011,15,2,0
E1337,T006,20,8,0
E3280,T002,37,31,0
E1481,T009,0,16,0
E3542,T002,21,28,0
E2175,T005,87,88,1
E3475,T014,83,37,1
E2008,T008,8,30,0
E2269,T013,22,8,0
E1529,T006,7,95,1
E2824,T002,17,95,1
E1154,T010,65,29,1
E2924,T011,31,17,0
E2977,T010,40,17,0
E192,T005,7,22,0
E2746,T001,14,33,0
E514,T007,5,2,0
E4410,T013,57,19,1
E1699,T014,49,48,1
E154,T015,12,31,0
E1948,T005,46,56,0
E3687,T005,59,37,0
E3262,T012,71,77,1
E091,T013,27,37,0
E356,T011,27,3,0
E1321,T008,51,40,1
E2867,T010,44,73,1
E221,T001,13,28,0
E1217,T003,40,35,0
E2372,T001,34,34,0
E2185,T014,98,100,1
E253,T008,40,2,0
E1715,T004,75,80,1
E1098,T012,10,2,0
E4289,T014,19,11,0
E463,T005,21,34,1
E4222,T014,5,32,0
E016,T013,40,13,0
E3984,T008,11,40,0
E031,T014,6,38,0
E246,T006,26,37,0
E2675,T011,38,9,0
E678,T002,35,34,0
E1273,T009,0,15,0
E797,T015,92,98,0
E3212,T013,28,92,1
E4027,T007,7,33,0
E3464,T014,22,36,0
E2103,T007,1,3,0
E583,T007,30,40,0
E1602,T004,42,15,1
E2482,T007,50,47,1
E2393,T014,58,40,0
E1068,T014,91,86,1
E1065,T015,28,25,0
E4317,T011,38,6,0
E1451,T002,6,36,0
E2579,T008,92,20,1
E1088,T014,56,54,1
E1621,T007,40,67,1
E1168,T009,22,11,0
E2282,T002,27,31,0
E384,T002,32,5,0
E2818,T009,78,99,1
E1339,T013,19,62,1
E1315,T014,28,28,1
E2434,T003,28,9,0
E4508,T008,82,75,1
E2080,T009,15,22,0
E443,T005,3,64,1
E2715,T008,30,29,0
E2741,T013,22,73,1
E1361,T001,40,18,0
E2268,T007,33,2,0
E2995,T011,15,0,1
E2007,T012,70,72,1
E4080,T003,85,49,1
E1905,T007,96,41,1
E3099,T002,10,6,0
E839,T009,4,14,0
E4074,T001,33,3,1
E157,T003,26,2,0
E4653,T005,35,88,1
E346,T015,26,35,0
E3644,T013,82,11,0
E4036,T006,41,79,1
E2547,T013,37,21,0
E2068,T008,6,26,1
E4899,T013,30,6,0
E1132,T002,9,24,0
E1938,T003,20,6,0
E1113,T001,58,17,1
E4047,T007,3,29,0
E4186,T008,93,43,1
E2370,T007,40,23,0
E2606,T009,85,21,1
E4696,T014,11,48,1
E4834,T008,83,16,1
E3848,T008,8,25,0
E048,T007,54,64,1
E1801,T001,7,10,0
E1302,T014,45,4,1
E3140,T009,23,34,0
E1777,T010,4,17,0
E3471,T014,8,24,0
E1686,T014,51,73,1
E1133,T014,43,86,1
E2025,T007,29,2,0
E413,T013,23,21,0
E3279,T006,35,21,0
E2132,T010,75,48,1
E1552,T014,39,28,0
E1377,T012,63,73,1
E2320,T011,9,92,1
E801,T011,51,64,1
E2338,T013,28,14,0
E3716,T002,84,57,1
E4435,T011,82,85,0
E717,T013,22,25,0
E2756,T007,31,58,1
E4061,T008,42,66,1
E2948,T007,65,16,1
E501,T003,5,26,0
E4477,T007,15,25,0
E3164,T003,80,19,1
E2189,T012,59,49,1
E3987,T003,32,21,0
E4338,T001,52,86,1
E4118,T004,72,65,1
E4116,T014,88,53,1
E2116,T013,50,95,1
E1870,T013,12,37,0
E1240,T010,16,41,1
E2591,T014,15,86,1
E019,T014,35,9,0
E3406,T003,18,36,1
E772,T007,31,20,0
E4977,T002,39,18,0
E622,T011,18,28,0
E1245,T012,99,27,1
E1100,T007,28,18,0
E2330,T005,21,24,0
E2766,T005,48,77,1
E1330,T015,77,100,1
E3754,T013,40,11,0
E3760,T014,34,47,1
E3205,T011,43,37,1
E1027,T014,51,90,1
E3178,T007,63,96,1
E2223,T014,96,34,1
E447,T009,34,17,0
E2795,T002,83,98,1
E2861,T014,25,35,1
E2300,T013,10,7,0
E2356,T013,13,23,0
E941,T003,58,8,1
E4799,T012,36,6,0
E2261,T001,35,75,1
E2552,T010,91,19,1
E1667,T010,23,29,0
E200,T009,5,13,0
E4931,T012,8,33,0
E4854,T007,9,6,0
E698,T009,35,33,0
E1314,T014,6,3,1
E3216,T012,95,100,1
E1755,T001,67,54,1
E921,T006,7,5,0
E4932,T008,11,26,0
E4029,T012,36,7,0
E4958,T015,34,36,0
E4287,T001,28,18,0
E1630,T014,58,95,1
E3966,T004,29,39,0
E178,T005,13,10,0
E1488,T008,25,18,0
E4107,T008,14,27,0
E2495,T005,38,80,1
E708,T007,87,44,1
E1071,T011,6,25,0
E3602,T013,25,25,0
E4332,T006,53,11,0
E2470,T001,5,85,1
E3384,T013,80,53,1
E2202,T001,28,26,0
E416,T001,53,60,1
E3475,T006,29,16,0
E4696,T009,10,16,0
E3292,T008,38,97,0
E4813,T001,32,0,1
E4774,T005,44,36,1
E1021,T014,19,35,0
E4976,T001,53,20,1
E2846,T009,15,4,0
E375,T007,3,54,1
E870,T015,23,13,0
E4414,T006,26,20,0
E2836,T014,9,23,0
E4622,T001,66,67,1
E3841,T002,25,22,0
E4246,T003,0,15,0
E4715,T009,71,60,1
E4455,T010,38,35,0
E3906,T011,95,26,1
E1296,T003,33,28,0
E3865,T008,32,20,0
E4240,T010,1,18,0
E3043,T009,94,57,1
E998,T012,81,20,1
E2780,T008,21,45,1
E1963,T001,11,77,1
E3739,T014,38,34,0
E3549,T007,81,71,1
E3590,T012,73,53,1
E1772,T003,61,33,1
E4341,T013,39,26,1
E1743,T007,48,11,1
E3232,T001,57,26,1
E1590,T001,48,80,1
E2600,T005,1,2,0
E2937,T006,6,13,0
E3331,T007,0,19,0
E2511,T010,33,94,1
E1864,T002,1,78,1
E2479,T008,12,3,0
E3455,T014,28,33,0
E598,T014,96,87,1
E3526,T011,1,89,1
E4187,T012,79,61,1
E4921,T010,11,37,0
E4334,T003,25,96,1
E3993,T014,90,51,1
E3879,T004,80,7,1
E1179,T008,25,35,1
E1502,T012,1,39,0
E666,T003,52,27,1
E991,T012,11,2,0
E3448,T012,11,72,1
E2480,T003,22,36,0
E894,T001,2,7,0
E4659,T010,1,68,1
E615,T013,8,79,1
E1128,T013,60,13,1
E3671,T013,25,16,0
E1292,T013,4,33,0
E084,T009,50,29,1
E3087,T001,2,15,1
E3159,T013,60,86,1
E1839,T015,51,39,1
E131,T002,29,28,0
E2594,T007,84,73,1
E3291,T014,68,11,1
E1312,T001,6,15,0
E099,T014,37,15,1
E2417,T001,33,64,1
E4774,T009,30,30,0
E1157,T014,58,55,1
E4117,T007,82,86,0
E4447,T002,28,57,1
E4094,T003,86,8,0
E3703,T007,94,25,1
E4844,T008,32,0,0
E2431,T001,40,85,1
E896,T001,11,37,0
E926,T002,29,10,1
E4995,T005,20,11,0
E4597,T015,48,54,1
E4762,T014,28,36,1
E1314,T005,25,28,1
E907,T001,38,39,0
E3909,T013,59,69,1
E1450,T002,2,29,0
E1579,T002,47,51,1
E4907,T007,92,15,1
E2937,T011,13,37,0
E1242,T013,21,25,0
E4358,T014,27,49,1
E363,T008,100,3,1
E3808,T006,12,14,0
E411,T014,18,49,1
E4075,T015,35,5,0
E656,T012,33,26,0
E3004,T013,16,21,0
E2681,T013,1,33,0
E367,T013,8,35,0
E4655,T011,39,87,1
E3241,T008,66,77,1
E4050,T011,16,32,0
E2365,T008,4,22,0
E2471,T003,81,15,1
E2511,T015,63,62,1
E915,T003,55,85,1
E4593,T005,75,86,1
E3097,T004,15,0,0
E4133,T006,23,26,0
E4883,T010,4,11,0
E355,T001,22,29,0
E2264,T013,77,26,1
E2068,T011,23,37,1
E750,T010,29,0,0
E3332,T012,16,23,0
E2916,T014,34,40,1
E1634,T005,16,21,0
E2829,T009,15,17,0
E3472,T007,29,56,1
E2485,T014,98,98,1
E3139,T008,19,3,0
E4910,T014,24,95,1
E1033,T013,99,31,0
E4531,T001,6,6,0
E522,T003,65,79,1
E052,T005,25,39,0
E448,T007,98,13,1
E2272,T011,7,1,0
E3140,T015,47,2,1
E226,T008,30,10,0
E4034,T007,20,11,0
E2362,T004,53,13,1
E4506,T005,10,9,0
E4686,T006,82,94,0
E2168,T003,1,16,0
E4990,T006,26,22,1
E1362,T003,37,31,0
E1015,T010,82,86,1
E4208,T001,26,29,1
E1231,T012,7,14,0
E2645,T003,22,21,0
E1317,T004,20,17,0
E3838,T010,28,20,0
E4031,T013,22,28,0
E1136,T006,15,22,0
E4565,T013,22,9,0
E2474,T007,2,30,0
E1836,T012,74,99,1
E2298,T009,62,79,1
E4644,T014,78,71,1
E4744,T013,2,91,1
E1286,T006,38,40,1
E237,T010,12,8,1
E2439,T005,86,90,1
E1270,T001,38,5,0
E3756,T006,27,13,1
E1755,T009,25,29,0
E3141,T010,23,7,0
E3686,T014,20,4,0
E2198,T002,45,48,1
E495,T009,36,38,0
E2378,T011,39,7,0
E2731,T007,4,7,0
E741,T003,1,77,1
E1325,T002,25,9,0
E771,T002,25,40,0
E595,T006,37,9,0
E4663,T009,4,91,1
E3910,T004,2,19,1
E936,T005,26,1,1
E3185,T013,91,5,1
E1422,T001,52,35,1
E2622,T007,6,19,1
E1825,T005,95,6,1
E1083,T001,63,5,1
E4702,T007,40,40,0
E131,T014,66,11,1
E4687,T004,95,14,1
E3940,T009,15,21,0
E498,T007,28,7,0
E3165,T001,7,18,1
E3625,T001,37,0,0
E3774,T013,7,36,0
E1334,T015,4,15,1
E4878,T004,29,47,0
E1284,T008,56,75,0
E1300,T013,12,75,1
E4209,T014,82,12,1
E3969,T011,28,25,0
E3103,T012,35,19,0
E2983,T013,35,26,1
E2208,T011,49,64,1
E360,T008,49,64,1
E4951,T012,80,50,1
E2167,T012,3,29,0
E3657,T004,62,83,1
E1555,T008,27,16,0
E2928,T015,14,7,0
E499,T004,50,58,1
E1431,T013,3,58,1
E2257,T009,78,32,1
E851,T008,11,16,0
E1296,T001,40,11,0
E1893,T015,20,47,1
E714,T007,35,0,0
E3356,T002,62,48,1
E3084,T005,8,24,0
E2180,T009,1,10,0
E4065,T011,36,35,0
E3400,T009,16,83,0
E3381,T001,2,63,1
E023,T007,58,18,1
E1111,T002,40,1,0
E4714,T014,48,73,1
E768,T006,25,43,1
E1276,T012,47,12,1
E199,T010,20,30,0
E420,T010,30,7,0
E333,T009,9,7,0
E020,T001,10,40,0
E2361,T014,71,36,1
E1962,T013,12,33,0
E2245,T002,20,36,0
E132,T005,31,0,0
E4454,T001,34,19,0
E1242,T010,83,38,1
E2208,T015,71,93,1
E3464,T013,9,45,1
E3150,T008,81,53,1
E3037,T010,60,46,1
E336,T008,6,27,0
E3977,T005,88,71,1
E617,T007,98,47,0
E832,T003,64,72,1
E4287,T007,56,2,1
E1871,T001,26,2,0
E1790,T001,17,1,0
E3083,T002,36,14,1
E2060,T013,25,4,0
E2129,T005,90,84,0
E1439,T009,26,10,0
E3111,T004,75,8,1
E1643,T003,19,9,0
E4250,T007,20,73,1
E3327,T013,55,9,1
E4216,T010,95,61,0
E1827,T009,84,26,1
E2284,T002,36,39,0
E541,T008,15,32,0
E1790,T007,100,57,1
E2906,T012,23,75,1
E2995,T002,16,22,0
E1021,T010,70,4,1
E2398,T001,40,19,1
E2168,T010,10,17,1
E881,T001,14,5,1
E3636,T014,67,59,1
E1222,T005,34,21,0
E3023,T003,27,27,0
E1699,T009,94,48,1
E094,T014,28,40,0
E3334,T009,18,12,0
E2133,T012,48,76,1
E3681,T013,45,6,1
E3073,T015,17,11,0
E275,T009,16,81,1
E2534,T015,73,3,1
E3553,T008,17,36,0
E841,T013,98,84,1
E105,T013,31,21,0
E1511,T007,21,64,1
E2401,T005,22,60,1
E3736,T003,78,49,1
E3681,T009,76,81,1
E3932,T006,44,78,1
E323,T003,44,75,1
E2255,T007,0,2,1
E2317,T002,2,83,0
E3453,T001,7,12,0
E3252,T013,12,22,0
E2460,T008,14,2,0
E4465,T001,14,36,0
E2873,T005,22,30,0
E3103,T008,41,44,1
E141,T007,15,52,1
E617,T014,33,17,0
E3043,T006,68,27,1
E3762,T007,35,3,1
E071,T011,12,7,0
E2761,T014,30,38,0
E1964,T014,39,1,0
E2527,T011,99,45,1
E326,T012,91,24,1
E3112,T014,37,4,0
E3687,T012,16,6,0
E4513,T010,34,27,0
E1756,T013,19,10,0
E1849,T012,85,68,1
E2496,T008,1,100,1
E2646,T010,20,39,0
E1242,T007,27,3,0
E4945,T010,2,31,0
E3676,T014,45,29,1
E4932,T010,5,18,0
E2266,T001,20,42,1
E039,T005,26,2,0
E4241,T006,32,3,0
E3035,T010,51,97,1
E3792,T001,44,35,1
E4758,T009,39,8,0
E4639,T010,36,1,0
E2880,T006,26,37,1
E2289,T007,5,4,0
E532,T003,33,9,0
E1325,T014,17,31,1
E1552,T001,12,8,1
E1737,T006,81,3,1
E2747,T013,14,16,0
E3089,T010,15,60,1
E4116,T010,33,21,0
E196,T014,39,46,1
E877,T001,0,99,1
E2190,T007,22,28,0
E1495,T014,29,76,1
E1360,T002,97,60,1
E4717,T006,51,60,1
E2521,T014,7,4,0
E1761,T007,92,94,1
E164,T009,26,45,1
E390,T008,1,35,0
E1534,T006,26,20,1
E2543,T006,11,2,0
E2570,T001,53,94,1
E1440,T002,23,15,0
E3418,T006,34,46,1
E3172,T001,63,84,1
E330,T014,11,64,0
E230,T010,16,60,1
E4425,T008,1,25,0
E479,T003,35,6,0
E4557,T001,58,59,1
E4206,T001,25,80,1
E4458,T009,24,31,0
E4093,T004,10,3,0
E2812,T015,96,61,1
E2545,T001,7,16,0
E2397,T015,56,84,1
E154,T014,1,9,0
E2986,T013,39,33,0
E3676,T008,47,42,1
E2982,T001,68,9,1
E3499,T015,9,5,0
E2561,T005,23,25,0
E3699,T007,8,9,0
E926,T007,29,75,1
E4545,T002,21,24,0
E2246,T002,40,79,0
E3252,T004,11,48,1
E164,T013,7,16,0
E1959,T015,68,83,1
E518,T009,44,79,0
E1062,T009,91,52,1
E4573,T011,66,10,1
E2084,T009,30,19,1
E4412,T011,42,72,0
E3586,T013,76,86,0
E4507,T007,1,38,1
E2791,T013,16,0,0
E4826,T002,51,56,1
E508,T014,51,44,1
E093,T010,31,80,1
E1236,T004,9,43,1
E1672,T012,58,2,1
E4385,T001,5,36,0
E3697,T009,89,75,1
E1877,T005,87,28,1
E943,T008,28,27,0
E2987,T002,1,73,1
E1185,T007,16,66,1
E4206,T002,99,42,1
E2758,T009,10,34,0
E299,T002,16,9,1
E3963,T015,15,5,0
E2208,T005,16,2,0
E2372,T010,22,10,0
E2553,T007,89,83,1
E3224,T015,68,81,1
E3427,T008,11,25,0
E4073,T010,74,97,1
E2671,T008,6,20,0
E4704,T012,90,29,1
E4903,T011,90,13,0
E1108,T012,25,13,0
E4513,T008,64,14,1
E2245,T008,34,43,1
E1956,T013,58,35,1
E3408,T010,18,79,1
E2405,T008,70,11,1
E4918,T009,68,15,1
E4700,T009,17,70,1
E3842,T007,58,31,1
E663,T011,70,78,0
E1514,T009,87,52,1
E3530,T009,9,13,0
E3254,T010,44,45,1
E2430,T008,62,73,1
E2043,T002,73,20,1
E035,T007,1,30,0
E3383,T008,2,66,1
E753,T003,1,6,0
E1974,T009,30,36,0
E3650,T005,38,8,0
E2582,T012,65,23,1
E4728,T007,37,34,0
E3832,T008,7,27,0
E3963,T010,15,98,1
E1549,T010,3,35,0
E3548,T001,3,33,0
E2168,T001,17,11,0
E1547,T009,21,42,0
E2845,T005,70,27,1
E707,T014,80,97,1
E4462,T010,14,38,0
E3601,T001,0,70,0
E3880,T001,35,33,0
E4078,T001,86,43,1
E611,T010,17,17,0
E1380,T002,16,9,0
E2827,T002,34,29,0
E1808,T009,14,15,0
E4080,T002,42,92,1
E1331,T013,56,18,1
E1438,T009,19,28,0
E1314,T013,31,33,0
E4081,T014,32,17,0
E3881,T014,21,25,0
E278,T010,41,35,1
E176,T001,11,36,1
E4905,T004,29,34,0
E602,T004,29,25,0
E2319,T011,9,75,1
E1529,T015,79,67,1
E2784,T009,55,37,1
E3604,T003,72,70,1
E4870,T011,92,25,1
E672,T010,54,47,1
E2157,T002,37,22,1
E333,T002,33,33,0
E1041,T004,77,50,1
E3389,T001,9,20,0
E4756,T009,11,33,1
E3529,T011,37,34,0
E988,T013,19,19,1
E1041,T001,34,30,0
E5000,T008,50,15,0
E3021,T007,15,12,0
E1844,T012,89,68,1
E1629,T002,81,87,1
E491,T001,20,6,0
E3467,T007,12,38,0
E1059,T001,90,26,0
E419,T010,6,23,0
E1675,T008,32,34,0
E3589,T008,2,28,1
E4638,T007,17,25,0
E4040,T010,49,89,1
E1991,T015,99,24,1
E3576,T013,19,41,1
E1001,T001,29,48,1
E2724,T007,5,21,1
E3053,T001,32,15,0
E451,T002,34,1,0
E2828,T007,22,29,0
E3659,T006,27,7,0
E2388,T005,15,28,0
E3349,T015,26,23,0
E2199,T014,38,37,0
E2938,T006,78,66,1
E576,T014,35,28,0
E4491,T007,53,53,1
E361,T010,94,89,1
E2980,T005,19,0,0
E777,T013,83,78,1
E4372,T007,58,42,1
E1115,T012,77,86,0
E1992,T002,8,38,0
E4027,T010,31,10,0
E4802,T008,87,64,1
E1641,T015,1,9,0
E3769,T008,76,44,1
E4652,T008,33,3,0
E3920,T002,20,20,0
E1629,T008,17,34,0
E556,T001,18,12,0
E3189,T014,25,29,0
E1658,T012,32,32,0
E4389,T004,74,85,0
E2506,T005,34,32,0
E4767,T005,98,2,1
E1570,T006,7,31,1
E3800,T011,37,11,0
E3942,T003,24,20,0
E3925,T013,5,42,1
E440,T010,10,22,0
E774,T010,8,56,1
E758,T007,93,10,1
E3654,T014,49,77,1
E3627,T002,39,28,0
E2425,T013,95,83,1
E4340,T012,2,10,0
E2285,T005,24,29,1
E4910,T007,21,24,0
E2919,T009,17,98,1
E1959,T012,61,93,1
E450,T004,5,2,0
E4820,T004,58,42,1
E851,T015,23,37,0
E662,T002,26,14,0
E1620,T008,39,65,0
E1985,T003,95,1,1
E4689,T010,2,12,0
E4690,T005,93,6,1
E4198,T005,16,13,1
E3138,T012,0,30,0
E161,T004,9,76,0
E2804,T010,41,13,1
E554,T001,36,22,0
E2624,T010,13,21,0
E459,T001,47,61,1
E3287,T009,85,99,1
E3917,T014,4,50,1
E287,T001,22,24,0
E4475,T014,34,29,1
E2282,T011,40,14,0
E1444,T014,29,52,1
E1985,T012,19,34,0
E978,T002,14,11,0
E1580,T008,39,26,0
E4057,T003,7,38,0
E2787,T006,99,42,1
E2830,T013,1,14,0
E3425,T012,32,15,0
E2432,T014,13,3,0
E2654,T010,33,15,0
E4269,T003,7,4,0
E3230,T012,26,4,0
E409,T012,29,68,1
E1719,T006,15,38,0
E1667,T015,80,73,1
E934,T013,85,49,1
E328,T015,67,53,1
E4018,T009,25,29,0
E019,T001,8,89,1
E1557,T001,75,67,1
E240,T001,0,45,1
E744,T001,44,78,1
E1803,T008,28,3,1
E1059,T009,14,7,0
E2782,T012,32,34,0
E4145,T001,22,87,1
E887,T003,11,78,1
E1659,T002,31,1,0
E2004,T006,24,26,0
E755,T007,100,63,1
E3720,T009,45,37,1
E3338,T007,21,4,0
E2227,T013,11,4,0
E3594,T013,48,77,1
E3014,T015,12,27,0
E2508,T013,40,10,1
E578,T004,38,8,0
E744,T013,0,33,0
E1198,T010,28,39,0
E2351,T013,39,21,0
E2874,T001,3,14,0
E2682,T001,12,8,0
E4544,T007,79,10,0
E1505,T007,5,16,1
E2769,T003,39,68,1
E674,T010,97,88,1
E3855,T014,89,62,1
E622,T006,40,4,0
E333,T013,15,38,0
E4923,T013,13,22,0
E1276,T001,25,2,0
E668,T008,6,20,0
E3119,T009,30,19,0
E4802,T002,17,5,0
E2868,T005,31,15,1
E485,T012,59,31,1
E3736,T015,18,39,0
E4029,T008,11,40,0
E450,T015,92,69,1
E1827,T014,95,70,1
E378,T006,19,23,0
E774,T014,66,37,1
E4575,T002,23,12,0
E2729,T014,4,8,0
E2725,T003,27,0,0
E2784,T010,9,23,0
E344,T012,7,9,0
E1660,T013,31,39,0
E3954,T009,71,52,1
E2357,T014,40,97,1
E522,T010,20,5,1
E2999,T008,30,83,1
E2510,T005,44,9,0
E1317,T002,77,77,1
E1488,T007,5,48,1
E4635,T011,39,16,1
E2716,T004,77,60,1
E3957,T012,59,69,1
E899,T008,13,51,1
E4396,T001,31,40,0
E4287,T004,24,29,0
E198,T003,5,92,1
E375,T003,85,49,1
E111,T009,64,42,0
E3056,T005,13,84,0
E2079,T008,87,52,1
E3617,T006,3,23,0
E2144,T008,4,36,0
E1963,T011,96,52,0
E2786,T009,39,32,1
E3846,T007,6,2,0
E121,T015,11,62,1
E2586,T010,18,10,0
E369,T011,11,28,0
E1412,T006,27,29,1
E4840,T010,87,74,1
E4841,T014,32,75,1
E4676,T013,96,26,0
E3870,T001,24,67,1
E2611,T003,76,43,1
E4682,T007,38,37,0
E628,T002,31,10,0
E3258,T001,17,20,0
E4790,T008,37,55,1
E1230,T015,18,40,0
E4159,T010,85,44,1
E596,T014,99,86,1
E372,T009,7,6,0
E1616,T010,14,3,0
E3194,T007,16,24,0
E2934,T013,28,66,1
E766,T007,56,98,1
E908,T009,39,69,1
E612,T004,6,9,0
E4958,T009,89,65,1
E495,T003,77,22,1
E1391,T005,13,39,0
E2381,T014,69,39,1
E4500,T002,0,15,0
E2120,T013,34,12,0
E3802,T004,8,4,0
E2681,T003,2,15,1
E1872,T014,0,18,0
E4808,T013,12,0,0
E2680,T015,55,54,1
E2966,T005,32,35,0
E1174,T012,10,26,0
E1989,T013,33,13,0
E1190,T012,18,19,0
E4286,T006,10,99,1
E3409,T012,7,8,0
E825,T007,2,36,0
E487,T010,6,48,1
E2316,T012,48,99,1
E983,T009,59,23,1
E3080,T012,21,34,0
E1269,T010,32,22,1
E4782,T001,97,53,1
E3883,T008,31,39,0
E3910,T013,23,23,0
E918,T015,38,7,0
E078,T013,19,27,0
E1279,T012,4,46,0
E075,T007,27,33,0
E2742,T013,31,53,1
E2031,T009,12,38,0
E875,T005,12,39,0
E4233,T007,74,38,1
E3766,T012,38,64,1
E1091,T011,27,38,0
E4252,T007,1,7,0
E1695,T004,1,36,1
E181,T012,8,24,1
E4727,T006,75,22,1
E2008,T010,1,23,0
E2125,T014,4,22,0
E4349,T010,51,79,1
E1348,T012,36,27,0
E4951,T014,11,37,0
E3127,T015,11,83,1
E3856,T007,34,33,0
E1772,T012,58,2,1
E2292,T007,19,44,1
E799,T008,5,6,1
E3733,T013,82,68,1
E183,T002,39,15,0
E1005,T001,10,36,1
E2770,T007,79,24,1
E2206,T015,25,28,0
E1583,T008,4,53,1
E4994,T013,84,93,1
E2605,T001,26,93,1
E2618,T012,3,17,0
E2525,T007,76,11,1
E4116,T007,23,51,1
E4288,T004,7,38,0
E3354,T013,2,11,0
E2391,T001,0,36,0
E3117,T014,70,44,1
E2568,T001,32,31,0
E3968,T005,21,45,1
E1500,T004,15,9,0
E1146,T002,75,48,1
E464,T006,34,8,0
E1538,T014,5,13,0
E1094,T010,16,0,0
E4375,T001,2,40,0
E3431,T010,35,35,0
E3486,T012,6,21,1
E3648,T001,27,2,0
E1144,T010,22,29,0
E2519,T008,90,41,1
E1243,T011,31,35,0
E1678,T013,37,1,1
E111,T002,30,30,0
E117,T005,82,36,1
E205,T001,35,38,0
E1138,T006,25,13,0
E2150,T015,9,20,0
E3300,T013,34,2,1
E4000,T007,1,8,1
E3645,T003,34,7,0
E3199,T014,30,59,0
E1390,T012,80,8,1
E2745,T013,21,12,0
E3618,T001,29,19,0
E043,T012,92,2,1
E984,T014,2,3,0
E2831,T009,20,28,0
E158,T010,37,73,1
E4129,T012,4,21,0
E2994,T007,10,20,0
E870,T007,79,37,1
E1845,T007,97,13,0
E4365,T007,5,15,0
E3954,T014,19,5,0
E4120,T001,9,39,0
E574,T012,89,85,1
E2313,T006,64,4,0
E1513,T010,99,91,1
E3008,T010,73,89,1
E4242,T007,97,86,1
E4105,T013,99,69,1
E1652,T012,40,26,0
E623,T005,20,3,0
E1028,T012,26,6,0
E4650,T008,26,40,0
E2300,T002,55,13,1
E3112,T010,19,14,0
E4508,T006,36,57,1
E538,T009,9,13,1
E670,T005,13,29,0
E1701,T003,26,41,1
E4029,T001,2,13,0
E714,T014,66,86,0
E664,T014,26,24,0
E2253,T009,18,23,0
E1616,T009,4,16,0
E4663,T004,15,51,1
E2329,T009,63,86,1
E1612,T007,15,3,0
E1594,T002,42,47,1
E496,T006,18,80,1
E3886,T007,62,82,1
E844,T005,5,34,0
E4351,T014,6,28,0
E2148,T012,15,19,0
E1410,T011,47,12,1
E1622,T009,90,54,1
E4167,T008,20,16,0
E2764,T012,13,23,0
E3658,T003,25,6,0
E2158,T015,5,15,0
E163,T012,48,54,1
E2629,T014,25,15,0
E3541,T007,13,27,0
E4289,T009,34,10,0
E3231,T008,37,3,1
E3077,T006,26,63,1
E3897,T009,34,18,0
E3686,T015,4,31,0
E350,T003,34,16,0
E2585,T008,36,0,0
E1020,T007,70,26,1
E035,T014,11,20,0
E4780,T014,70,31,1
E1975,T007,26,30,0
E689,T011,17,7,0
E1149,T002,66,0,1
E2216,T013,53,96,1
E4914,T014,7,19,0
E096,T014,68,83,1
E4067,T009,17,30,0
E2863,T005,51,17,1
E4498,T001,38,17,0
E3905,T002,33,1,0
E2574,T005,12,25,0
E2917,T007,39,21,0
E3626,T003,38,22,0
E2166,T005,40,34,0
E733,T005,34,31,0
E3662,T014,14,32,0
E2023,T009,13,38,0
E230,T007,97,10,1
E3094,T010,89,65,1
E4060,T007,9,12,0
E4014,T014,85,87,1
E4162,T014,32,38,0
E2526,T013,28,30,0
E4093,T011,11,27,0
E423,T009,15,46,0
E3034,T007,31,24,0
E1368,T015,18,25,0
E3609,T007,22,6,0
E1359,T010,25,6,0
E3498,T007,14,4,0
E1380,T014,53,81,1
E2405,T014,46,28,1
E3951,T008,21,36,1
E2058,T010,60,32,1
E3932,T010,86,49,1
E710,T001,24,16,0
E4413,T009,51,18,1
E4390,T015,37,3,1
E1136,T007,25,17,0
E1018,T008,78,52,0
E1994,T010,37,87,1
E4529,T002,78,48,1
E1717,T015,32,16,0
E4582,T011,34,49,1
E4937,T005,36,2,0
E3489,T013,68,77,1
E2162,T013,85,20,1
E4510,T013,70,8,0
E1987,T002,13,58,1
E3496,T014,6,9,0
E2181,T015,73,22,1
E2325,T007,10,9,0
E1275,T015,74,80,1
E3226,T011,8,23,1
E3361,T001,38,17,0
E2172,T014,13,27,0
E104,T006,71,71,1
E908,T008,89,100,1
E4201,T005,96,47,1
E727,T013,40,31,0
E393,T007,73,84,1
E4842,T012,12,77,1
E4718,T001,86,88,1
E288,T009,12,38,1
E700,T009,63,44,1
E1375,T002,67,44,1
E3422,T005,60,55,1
E4937,T012,18,39,0
E4883,T006,11,14,0
E3594,T008,74,64,1
E2275,T012,54,3,0
E4160,T013,17,33,0
E3584,T005,27,7,0
E4941,T007,8,21,1
E1613,T009,3,30,0
E1278,T005,64,87,1
E2752,T007,24,36,0
E3468,T005,31,66,1
E4573,T002,20,1,0
E637,T010,25,33,0
E2331,T004,20,5,0
E3461,T004,24,20,0
E2089,T008,47,34,1
E1564,T004,99,36,1
E2582,T009,22,22,0
E1720,T004,5,93,1
E3051,T012,19,64,1
E2072,T002,3,0,0
E2661,T013,53,13,1
E4767,T001,55,67,1
E2057,T011,10,34,0
E1299,T008,20,17,0
E1176,T007,45,5,1
E4229,T013,58,90,1
E2593,T012,95,48,1
E2297,T006,39,32,0
E2414,T008,26,32,0
E2461,T002,10,19,0
E2985,T013,38,40,0
E1767,T010,6,93,1
E444,T001,78,5,1
E4846,T014,18,37,0
E2537,T008,27,36,0
E462,T001,93,88,1
E4545,T014,96,27,1
E3158,T008,17,66,1
E1541,T010,15,0,0
E2179,T007,5,21,0
E934,T004,17,15,0
E2306,T014,6,21,0
E1895,T015,21,33,0
E637,T008,51,78,0
E2275,T005,4,69,0
E1755,T012,7,4,0
E2340,T013,18,15,0
E534,T008,3,36,0
E1071,T005,58,16,1
E1367,T003,33,23,0
E422,T001,5,13,0
E2762,T008,30,0,0
E2277,T004,26,51,0
E418,T009,8,30,0
E4897,T014,45,93,0
E1900,T014,96,47,1
E1671,T012,15,54,1
E3353,T003,32,95,0
E1250,T007,16,28,0
E2425,T015,62,59,0
E2496,T001,37,37,0
E315,T002,0,36,0
E638,T001,32,87,1
E3748,T012,50,23,1
E4149,T011,39,85,1
E1142,T009,20,63,1
E3874,T004,71,81,1
E848,T012,15,9,0
E3187,T013,27,33,0
E2917,T004,70,93,1
E1248,T004,97,96,1
E2154,T010,72,39,1
E4583,T009,25,4,0
E184,T005,4,31,0
E955,T008,56,87,1
E1247,T014,31,25,0
E3988,T001,12,23,0
E2629,T008,21,15,0
E3036,T006,34,50,1
E3282,T008,11,64,1
E1113,T009,13,31,0
E886,T001,20,38,0
E1654,T003,16,31,0
E2762,T002,20,37,0
E2469,T002,83,56,1
E4251,T002,92,11,1
E1099,T010,48,65,1
E2711,T006,23,1,0
E966,T007,45,15,1
E1757,T007,38,83,1
E2475,T015,69,10,1
E424,T003,18,15,0
E1921,T013,39,33,0
E3506,T008,1,71,1
E3994,T015,30,19,0
E067,T010,9,30,0
E4824,T008,3,18,0
E4425,T002,51,89,0
E3274,T012,11,24,1
E4644,T001,1,83,1
E681,T013,29,26,0
E2404,T007,35,1,0
E4648,T008,23,20,0
E074,T002,46,79,1
E4578,T015,47,58,1
E188,T014,39,26,0
E4495,T008,68,32,1
E496,T015,39,20,0
E1980,T002,17,4,0
E4347,T007,14,37,0
E861,T013,66,93,1
E2313,T003,6,26,0
E1799,T011,87,44,1
E3058,T015,58,87,1
E4415,T005,13,1,0
E4635,T012,26,9,0
E184,T007,1,32,0
E2070,T001,17,30,0
E2789,T009,85,43,1
E4248,T006,22,7,0
E2274,T003,30,100,1
E4820,T005,23,18,0
E4715,T002,30,92,1
E1990,T014,36,28,0
E2573,T005,34,13,0
E3427,T015,84,80,1
E3907,T014,31,4,0
E4158,T010,16,38,0
E267,T012,40,11,0
E4302,T014,42,13,1
E4900,T011,55,32,1
E3120,T004,36,8,0
E364,T010,12,31,0
E712,T007,4,0,0
E3794,T003,12,33,0
E3791,T005,42,72,1
E2074,T009,23,38,0
E2041,T002,38,4,0
E4826,T012,30,9,0
E2322,T001,16,14,0
E3627,T008,18,33,0
E417,T002,13,10,0
E2695,T003,22,27,0
E570,T001,35,35,0
E2693,T005,86,59,1
E3601,T010,3,18,0
E2564,T009,100,72,1
E4275,T007,36,12,0
E1705,T007,21,83,1
E3421,T006,17,32,1
E1713,T008,29,45,1
E379,T009,13,25,0
E1946,T011,65,55,1
E1145,T014,26,24,0
E3019,T014,95,66,1
E3203,T006,80,87,1
E2132,T002,65,85,1
E2846,T012,20,86,1
E1730,T015,7,9,0
E2336,T009,19,23,0
E4850,T005,32,17,0
E2395,T013,15,24,0
E821,T002,23,1,1
E4669,T014,14,34,0
E3429,T013,13,19,0
E2574,T012,65,76,1
E2974,T009,78,67,1
E3733,T008,19,13,0
E3228,T011,14,3,0
E1797,T005,14,57,1
E2883,T015,15,10,0
E1261,T015,67,15,1
E4353,T008,11,15,0
E1452,T010,9,28,0
E485,T004,8,20,0
E4110,T012,22,39,1
E1419,T004,34,40,0
E3062,T009,34,2,0
E3842,T013,22,74,1
E4008,T007,63,0,0
E745,T011,53,16,1
E2394,T015,9,34,0
E1569,T002,99,21,1
E3178,T008,11,67,1
E1539,T009,89,2,1
E3445,T011,21,16,0
E2828,T006,47,2,1
E2626,T012,13,10,0
E3902,T012,79,7,1
E3558,T014,41,72,1
E3061,T013,49,31,1
E4962,T002,14,28,0
E2782,T010,28,38,0
E079,T008,40,34,0
E2426,T007,40,22,0
E4893,T012,45,85,1
E3747,T004,10,8,0
E2420,T008,27,17,0
E4515,T005,93,25,1
E3818,T010,0,29,0
E537,T005,1,1,0
E894,T014,31,30,0
E3735,T011,25,12,0
E4603,T010,2,25,0
E4033,T007,66,81,1
E3422,T013,38,15,1
E1768,T006,23,12,0
E1924,T003,36,13,0
E2303,T009,48,9,1
E806,T015,39,74,1
E3614,T015,61,14,1
E3784,T005,9,96,1
E2621,T015,51,86,1
E2843,T004,50,11,1
E3543,T001,39,40,1
E2666,T007,73,61,1
E3933,T001,31,10,0
E2593,T005,0,11,0
E4623,T001,99,2,1
E543,T008,0,12,0
E021,T003,60,90,1
E603,T012,82,5,1
E879,T008,32,26,0
E1558,T010,7,40,0
E3410,T014,26,96,1
E4105,T007,78,27,1
E4428,T007,12,6,0
E2676,T005,77,72,1
E1901,T006,3,40,1
E3290,T013,2,12,1
E818,T007,76,22,1
E3227,T013,34,97,1
E2743,T005,5,33,0
E3962,T013,42,25,1
E4629,T005,56,62,1
E4536,T014,86,42,1
E050,T006,47,87,1
E3581,T009,57,47,1
E4313,T007,7,27,0
E2157,T009,30,18,0
E4505,T010,0,13,1
E3024,T013,55,58,1
E4155,T002,91,100,1
E1183,T004,17,20,1
E399,T011,27,1,0
E1640,T007,25,52,1
E450,T010,25,79,1
E2187,T004,16,54,1
E248,T014,94,49,1
E584,T015,25,34,0
E3481,T008,95,28,1
E3035,T013,87,28,1
E3189,T006,68,83,1
E623,T001,23,14,0
E817,T010,35,5,0
E1186,T010,67,38,1
E3241,T005,26,4,0
E4375,T012,15,27,0
E1127,T013,35,36,0
E1478,T009,60,88,1
E2528,T015,16,3,0
E1299,T009,9,32,0
E2160,T013,87,48,1
E1406,T003,30,25,0
E4606,T012,20,30,0
E4825,T005,75,65,1
E1043,T011,51,33,1
E1772,T013,39,8,1
E1300,T008,32,25,1
E2237,T012,90,88,1
E537,T014,6,3,0
E362,T003,47,37,1
E3633,T002,35,30,0
E3094,T011,100,10,1
E1862,T014,41,61,0
E706,T004,13,52,1
E1629,T014,95,7,1
E1219,T007,54,65,1
E083,T007,93,86,1
E2931,T009,37,25,1
E1423,T008,50,100,1
E4154,T012,6,23,0
E2901,T013,26,40,0
E4084,T007,23,18,0
E199,T002,23,1,0
E943,T001,0,38,0
E2481,T010,88,5,1
E2296,T015,85,56,1
E2894,T009,25,4,0
E3459,T011,25,1,0
E4084,T013,51,58,1
E3205,T002,15,64,1
E1848,T011,13,19,0
E3369,T006,40,40,0
E2709,T008,72,87,1
E1797,T010,29,37,1
E775,T010,40,37,0
E3211,T010,18,8,1
E3610,T009,47,100,1
E1059,T013,14,15,0
E2785,T002,4,12,0
E4173,T006,17,2,1
E693,T005,36,56,1
E091,T011,27,81,1
E1176,T014,37,26,0
E3578,T005,25,33,1
E2555,T004,1,99,1
E2786,T013,87,65,1
E3166,T008,24,11,0
E2447,T009,36,36,0
E2996,T012,24,14,0
E2239,T014,68,22,1
E643,T015,0,31,1
E631,T008,40,0,1
E3930,T011,74,24,1
E4737,T005,9,3,0
E1400,T014,31,43,1
E2447,T012,59,94,1
E903,T013,64,69,1
E3108,T004,4,7,1
E835,T010,30,27,0
E1504,T015,69,81,1
E303,T014,17,12,0
E1492,T002,99,20,1
E853,T007,35,34,0
E028,T008,13,27,0
E2305,T010,88,60,1
E196,T005,4,33,0
E2027,T011,26,8,0
E3336,T013,8,0,0
E1972,T010,38,33,0
E1894,T012,91,51,1
E4511,T007,39,28,0
E4054,T008,26,28,1
E1518,T006,13,26,0
E676,T001,67,69,1
E3416,T006,18,83,1
E480,T014,36,88,0
E1816,T004,80,12,1
E961,T011,30,0,0
E2255,T013,78,28,1
E2112,T004,35,5,0
E3139,T011,28,14,0
E3349,T010,7,34,1
E4166,T012,19,40,0
E162,T011,38,8,1
E1839,T008,49,35,1
E1296,T002,21,20,1
E4668,T008,17,40,0
E3481,T004,19,28,0
E1665,T010,10,33,0
E1627,T005,61,5,1
E4723,T005,42,95,1
E3063,T015,31,79,0
E1781,T010,33,32,0
E1368,T002,61,80,1
E157,T002,6,20,0
E4782,T014,16,13,0
E417,T013,11,1,0
E1109,T006,36,8,1
E3358,T003,17,24,1
E4166,T005,36,10,0
E1482,T006,94,50,1
E1953,T007,24,13,0
E2607,T002,33,39,0
E490,T007,56,26,1
E3970,T007,9,15,1
E1216,T005,21,35,0
E208,T003,32,38,0
E3948,T014,30,92,1
E2057,T009,52,28,1
E1851,T002,7,0,0
E3292,T012,30,30,0
E4789,T010,24,17,0
E468,T009,20,89,1
E4078,T009,30,49,1
E3812,T008,49,86,1
E1888,T009,25,71,1
E3149,T011,25,23,1
E818,T008,15,25,0
E4232,T011,14,39,0
E4238,T011,62,72,1
E767,T002,72,2,1
E2707,T014,11,8,0
E3333,T014,21,89,1
E3711,T004,39,95,1
E3870,T007,29,23,0
E1799,T001,28,0,0
E863,T010,3,19,0
E1993,T008,21,35,0
E3051,T002,28,21,0
E3445,T002,31,3,0
E2753,T007,25,22,0
E3649,T005,25,26,0
E3467,T012,6,51,1
E3182,T013,59,62,0
E967,T005,79,11,1
E2655,T004,31,32,0
E4450,T001,38,17,0
E2058,T007,21,5,1
E4825,T007,35,13,1
E4698,T012,9,22,0
E2918,T005,15,13,0
E2913,T002,20,76,1
E2011,T008,15,9,0
E4254,T013,70,71,1
E4148,T015,22,10,0
E202,T011,72,58,1
E385,T003,9,11,1
E999,T008,0,37,0
E3974,T008,23,75,1
E1192,T004,93,48,1
E4049,T007,4,21,1
E1758,T007,38,77,0
E2013,T008,38,40,1
E3899,T010,81,54,1
E047,T004,41,4,1
E094,T008,9,24,0
E854,T008,16,2,0
E2178,T014,97,22,1
E3185,T009,1,29,0
E3804,T007,96,77,1
E4081,T007,65,97,1
E2946,T007,53,61,1
E2167,T014,8,11,0
E1589,T004,39,38,0
E2558,T014,14,77,1
E1847,T001,19,8,0
E1361,T013,93,85,0
E4166,T009,22,26,0
E3740,T007,63,26,1
E110,T002,20,39,1
E2945,T014,39,5,1
E907,T012,6,9,0
E420,T007,91,91,1
E4929,T001,6,28,1
E4444,T009,40,6,0
E041,T005,12,76,1
E1171,T007,27,23,0
E4795,T005,15,71,1
E3798,T004,30,37,0
E4401,T015,48,13,1
E914,T004,29,6,0
E1641,T013,35,10,0
E2736,T008,39,5,0
E1274,T004,11,22,0
E2513,T008,9,4,0
E858,T014,44,66,1
E1059,T010,14,96,0
E4762,T012,57,73,1
E350,T008,20,65,1
E2085,T005,5,96,1
E4965,T004,27,0,0
E1984,T011,94,35,1
E4167,T007,39,39,0
E3428,T010,16,15,1
E1461,T013,16,1,0
E2050,T001,11,81,1
E4591,T014,83,98,0
E4442,T008,2,40,0
E105,T003,2,26,0
E2447,T013,41,81,0
E024,T009,5,20,0
E4497,T013,39,6,0
E079,T001,74,46,1
E4717,T013,43,58,1
E3880,T014,18,29,1
E3224,T013,34,23,0
E2719,T002,6,12,0
E3556,T010,35,1,0
E480,T011,28,27,0
E1868,T003,28,12,0
E2990,T014,52,68,1
E1260,T006,84,82,1
E1597,T013,27,13,0
E3043,T014,25,24,0
E2530,T002,34,0,0
E3986,T005,8,21,0
E4423,T008,21,20,0
E2836,T007,25,14,0
E765,T014,33,31,0
E1557,T004,53,75,1
E3730,T007,1,36,0
E2658,T013,22,22,0
E1275,T009,32,22,0
E2615,T007,28,7,0
E3262,T002,15,2,0
E3522,T004,48,9,1
E1057,T007,13,31,1
E3038,T005,33,3,0
E2802,T005,0,22,0
E4957,T013,14,38,0
E3848,T010,60,0,1
E300,T013,82,91,1
E626,T013,22,12,0
E3558,T007,3,22,0
E2015,T001,96,5,1
E475,T015,7,23,1
E4190,T013,10,73,0
E1108,T001,5,9,0
E841,T007,12,96,1
E1566,T002,82,54,1
E2976,T001,14,41,1
E309,T013,17,84,1
E3045,T004,7,67,1
E3327,T012,21,19,0
E4384,T005,36,25,0
E2529,T011,72,30,0
E1957,T004,91,14,1
E1660,T014,5,6,0
E4359,T013,10,17,0
E3219,T004,4,22,0
E4917,T013,3,70,1
E3400,T005,22,38,0
E4891,T005,12,68,1
E1952,T011,33,34,0
E4791,T008,18,76,1
E121,T004,2,38,0
E2252,T014,33,2,0
E4087,T013,38,18,0
E2541,T008,15,8,1
E094,T007,16,10,0
E524,T011,55,16,1
E4754,T006,25,42,1
E3965,T003,50,75,1
E1378,T001,6,47,1
E1568,T002,36,10,1
E3210,T013,55,93,1
E2632,T014,3,6,0
E2713,T004,65,24,1
E1460,T005,13,7,0
E1093,T010,58,23,1
E2872,T005,40,23,0
E537,T001,17,39,1
E1525,T009,6,28,0
E4923,T002,26,38,0
E2745,T005,85,35,1
E3914,T003,6,30,0
E1188,T008,5,19,0
E1830,T006,24,39,1
E2671,T005,41,65,1
E754,T006,36,64,1
E1945,T010,43,51,1
E1560,T005,31,21,0
E1789,T010,15,6,0
E2597,T007,77,32,1
E081,T001,37,13,0
E4821,T008,24,2,0
E4727,T014,69,62,0
E3409,T003,25,9,0
E2763,T009,24,16,0
E2468,T008,18,49,1
E2179,T008,49,89,1
E3229,T006,24,9,0
E535,T009,44,7,1
E677,T014,19,39,0
E4801,T002,83,49,1
E3440,T007,15,20,0
E3769,T014,71,18,0
E3428,T001,7,28,0
E1453,T014,3,37,0
E3284,T004,78,43,1
E1512,T013,81,44,1
E727,T002,24,91,1
E127,T001,13,36,0
E3432,T014,74,12,1
E1614,T009,59,18,1
E4817,T002,25,16,1
E1840,T009,34,2,0
E739,T014,55,68,1
E1195,T002,9,12,0
E2217,T013,21,27,1
E659,T008,6,16,1
E1217,T004,62,82,1
E3294,T008,74,37,1
E1880,T012,17,49,1
E1879,T011,88,62,1
E4622,T014,47,73,1
E1975,T014,74,95,0
E4056,T015,38,26,1
E916,T006,38,14,0
E955,T013,38,18,1
E1226,T006,47,16,1
E2081,T009,27,24,0
E2406,T004,7,26,0
E4728,T009,3,93,1
E4031,T015,48,80,1
E2153,T010,48,10,1
E4565,T001,8,1,0
E3363,T009,12,39,0
E2329,T007,8,24,0
E4361,T001,19,84,1
E3378,T005,29,0,0
E2963,T004,5,19,0
E3329,T001,37,18,0
E4437,T014,1,27,0
E4732,T004,16,62,1
E746,T003,29,27,1
E1161,T002,79,86,1
E1296,T007,19,2,0
E1396,T005,77,67,1
E650,T004,99,71,1
E4263,T007,25,77,1
E160,T014,39,17,0
E895,T003,89,71,0
E142,T010,28,22,0
E694,T015,72,13,1
E4606,T015,56,28,1
E827,T008,23,31,1
E4152,T014,33,33,0
E1407,T002,5,37,0
E3602,T011,25,90,0
E1271,T013,7,16,0
E419,T001,16,27,0
E1569,T012,35,32,0
E3974,T009,39,71,1
E2983,T005,37,29,0
E229,T010,92,57,1
E220,T001,37,22,0
E2679,T015,33,33,0
E4618,T008,24,5,0
E4342,T014,34,37,0
E2603,T012,82,65,1
E2456,T012,1,83,1
E2752,T005,30,25,0
E1148,T011,39,13,0
E4513,T011,45,79,1
E061,T005,3,29,0
E1248,T008,54,38,1
E2759,T011,22,35,1
E2071,T007,32,8,1
E2804,T014,91,29,1
E1152,T010,75,41,1
E3795,T004,90,57,1
E1111,T010,35,21,0
E4933,T008,26,31,0
E1518,T013,3,84,1
E1241,T014,28,63,1
E1792,T009,4,13,0
E2334,T009,67,56,0
E3387,T015,10,20,0
E884,T014,24,18,0
E4804,T009,42,95,1
E328,T001,69,94,1
E1273,T012,100,31,1
E1971,T008,97,31,1
E3968,T012,10,38,0
E2303,T011,40,21,0
E1515,T014,10,30,1
E3275,T012,35,78,1
E4086,T003,10,14,0
E3544,T007,37,21,0
E4600,T008,17,10,1
E4978,T008,82,4,1
E3255,T007,89,24,1
E4155,T014,56,64,1
E484,T014,80,97,0
E086,T010,63,73,1
E4146,T008,19,5,0
E2692,T001,3,3,0
E3885,T014,12,8,0
E116,T003,51,25,1
E094,T004,77,35,1
E725,T009,30,22,0
E3115,T008,74,6,1
E1274,T007,24,29,1
E3782,T010,25,21,0
E4667,T007,9,40,0
E4464,T013,51,10,1
E1613,T005,60,98,1
E1932,T001,26,69,1
E339,T002,40,79,1
E2651,T002,57,43,1
E4141,T006,26,44,1
E4364,T011,18,93,0
E3386,T007,32,29,0
E560,T007,82,33,1
E1715,T013,36,1,0
E092,T011,92,84,1
E2960,T014,16,31,0
E3122,T010,68,20,1
E1395,T008,33,8,0
E777,T015,70,28,1
E1407,T011,84,69,1
E3208,T015,1,46,1
E3230,T001,17,37,0
E3829,T007,14,24,1
E3008,T004,57,51,0
E1760,T013,63,38,0
E1732,T008,76,64,1
E1238,T011,17,17,0
E1505,T009,37,28,0
E1965,T008,95,32,1
E220,T013,63,96,1
E3476,T008,82,71,1
E956,T003,24,0,0
E3953,T008,16,33,0
E4539,T009,70,30,1
E148,T004,4,3,0
E3773,T007,15,28,0
E1799,T012,13,1,0
E2860,T012,85,40,1
E1717,T007,77,90,1
E1830,T013,27,34,0
E4915,T009,77,49,1
E322,T012,74,52,1
E4547,T008,42,43,1
E4674,T011,4,85,1
E2318,T009,22,2,0
E3797,T010,38,22,1
E4835,T009,67,35,1
E4633,T012,1,30,1
E904,T014,99,85,1
E4244,T013,26,78,1
E1737,T007,24,1,1
E3695,T006,27,31,0
E4888,T009,17,14,0
E2859,T007,83,64,1
E724,T007,63,62,1
E2517,T013,40,35,0
E3567,T004,20,2,0
E1149,T005,2,13,0
E2535,T011,7,27,0
E1104,T011,19,29,1
E2170,T015,6,26,0
E106,T011,6,84,1
E3783,T003,83,54,1
E3561,T004,94,95,1
E1205,T013,5,13,0
E3999,T005,21,73,1
E2363,T013,68,24,1
E1192,T002,8,7,0
E3013,T003,36,25,0
E1090,T011,18,55,1
E2636,T008,10,66,1
E2149,T015,35,25,1
E4947,T001,1,21,0
E2318,T014,43,43,1
E1087,T005,30,7,0
E872,T001,38,35,0
E3954,T010,20,35,0
E2691,T014,19,33,1
E3114,T013,45,44,0
E3929,T002,48,66,1
E991,T007,81,38,1
E2570,T005,18,43,1
E4934,T008,99,88,0
E1568,T005,54,85,1
E557,T005,86,69,1
E4663,T012,36,26,0
E4303,T014,5,58,1
E1426,T008,43,99,1
E2835,T009,37,67,1
E230,T004,37,26,0
E3127,T001,85,60,1
E1919,T009,100,32,1
E3001,T005,94,17,1
E1725,T013,2,24,0
E4267,T010,47,75,1
E1225,T001,40,11,1
E1446,T013,20,79,1
E4828,T015,16,9,1
E2918,T015,22,6,0
E135,T008,39,16,0
E770,T007,99,38,1
E1070,T010,1,24,0
E3772,T001,37,35,0
E4895,T005,49,14,1
E3454,T010,2,98,1
E517,T010,25,71,1
E2253,T007,53,24,1
E4397,T012,69,59,1
E4419,T004,30,32,0
E1103,T007,47,35,0
E4933,T012,75,66,0
E2674,T004,0,28,0
E3407,T002,25,6,0
E252,T002,21,0,0
E1175,T001,81,89,1
E2976,T007,54,35,1
E1382,T011,35,10,0
E1678,T015,23,1,0
E1751,T010,39,61,1
E2196,T007,27,16,0
E3392,T008,3,25,0
E1879,T008,45,42,1
E698,T001,91,74,1
E2363,T005,9,10,0
E3452,T005,74,82,1
E1356,T006,30,16,0
E3624,T013,6,40,1
E4600,T015,87,32,1
E1647,T006,32,5,0
E4257,T007,30,11,1
E3939,T001,34,11,1
E1259,T014,23,17,0
E4109,T013,13,18,0
E2876,T010,68,30,0
E1488,T004,35,21,1
E818,T001,0,17,0
E2887,T008,53,46,1
E1135,T006,85,85,1
E1470,T002,19,4,0
E1126,T004,71,21,1
E3988,T008,80,41,1
E3409,T008,67,20,1
E4950,T014,29,0,0
E1740,T007,21,58,0
E3745,T010,34,77,1
E1970,T013,11,82,1
E2968,T013,40,73,1
E1865,T007,21,24,0
E4075,T009,14,36,1
E2793,T014,20,15,0
E257,T015,3,12,0
E868,T009,37,10,0
E3857,T001,25,4,0
E1729,T002,24,29,0
E1413,T015,14,42,1
E4607,T013,37,45,1
E4955,T004,79,25,1
E4307,T015,31,0,0
E3442,T001,80,32,1
E3713,T008,10,78,1
E1435,T007,37,77,1
E3060,T014,42,11,1
E890,T015,86,38,1
E4745,T014,39,27,0
E3545,T005,21,44,1
E2902,T011,17,58,1
E3454,T014,87,47,0
E3327,T004,9,35,1
E1330,T005,71,72,1
E571,T013,23,31,0
E3993,T010,13,40,0
E2342,T011,13,5,0
E4247,T009,12,7,1
E3483,T001,22,81,1
E2509,T009,27,9,1
E2810,T011,16,86,1
E1202,T002,47,53,1
E1518,T004,26,18,0
E1682,T009,52,39,1
E4997,T011,14,20,0
E1423,T010,14,70,1
E4465,T005,70,12,1
E254,T001,32,22,0
E3969,T006,92,55,1
E4843,T015,40,33,0
E607,T009,23,15,0
E1114,T011,75,91,1
E481,T011,49,19,1
E4219,T002,0,5,0
E1224,T008,18,24,0
E2438,T001,64,45,1
E3316,T005,91,67,1
E3472,T010,23,32,0
E2853,T001,36,55,1
E3796,T015,14,59,1
E3916,T002,36,61,1
E4756,T001,11,19,0
E3329,T008,38,3,1
E2881,T002,27,36,0
E4156,T008,31,74,1
E4346,T001,88,94,1
E331,T009,21,32,0
E1396,T004,75,55,1
E3181,T015,11,27,0
E2964,T012,38,8,1
E4829,T014,6,9,0
E4617,T003,36,38,1
E4001,T002,23,29,1
E4656,T012,58,49,1
E4528,T015,37,93,1
E087,T014,29,80,1
E4791,T010,37,2,0
E1572,T001,20,26,0
E1142,T010,9,2,0
E4492,T002,37,39,0
E255,T002,70,34,1
E2850,T013,37,10,0
E4386,T008,12,16,0
E1280,T013,23,79,1
E492,T005,55,23,0
E697,T014,15,4,0
E3212,T015,30,6,0
E883,T009,19,8,0
E1807,T002,23,0,1
E190,T011,40,0,0
E3877,T015,37,7,1
E1570,T005,36,36,0
E4027,T011,34,4,0
E2458,T001,94,43,1
E3388,T001,1,7,0
E4092,T011,28,10,0
E4536,T010,26,13,0
E4526,T013,1,14,0
E1922,T014,11,5,0
E3966,T009,22,24,0
E3042,T015,1,8,0
E2642,T012,36,30,0
E3705,T009,98,36,1
E4298,T009,39,12,0
E1664,T007,79,65,1
E1523,T014,5,29,0
E1313,T014,29,99,1
E3708,T003,16,7,0
E1827,T008,28,75,1
E4128,T004,30,36,0
E2936,T013,24,34,1
E4238,T010,7,11,1
E4967,T002,29,99,1
E4677,T010,30,30,0
E2842,T006,10,35,0
E3460,T013,51,100,1
E1806,T014,13,72,1
E348,T010,30,72,1
E2912,T009,85,27,0
E1100,T006,23,36,0
E3142,T002,46,44,1
E3414,T012,11,29,0
E1288,T009,96,16,1
E2119,T009,51,39,1
E2248,T002,31,37,0
E2924,T013,24,12,0
E3792,T014,28,28,0
E4828,T001,28,61,1
E848,T008,53,70,1
E1189,T014,66,36,1
E1867,T008,7,10,0
E2043,T012,5,21,0
E512,T009,14,13,0
E926,T010,87,88,1
E3101,T013,17,18,0
E3615,T009,9,12,0
E4590,T007,44,80,1
E1856,T004,38,28,0
E2169,T004,24,19,0
E297,T013,29,49,1
E4546,T005,1,5,0
E3046,T002,2,39,1
E1469,T011,3,33,0
E3282,T014,24,32,0
E3286,T006,53,43,1
E3297,T001,37,21,1
E3892,T008,19,36,0
E1184,T008,66,42,1
E1208,T008,4,39,0
E2419,T009,20,34,0
E3730,T015,17,15,0
E3489,T002,18,34,0
E4386,T001,19,6,0
E3403,T013,5,37,1
E2401,T009,35,0,0
E2822,T015,65,17,1
E3232,T004,72,23,1
E1753,T005,55,89,1
E4251,T011,24,42,1
E4162,T009,23,29,0
E4093,T002,2,6,0
E793,T013,40,27,0
E2889,T005,8,5,0
E2988,T013,17,2,0
E4966,T011,40,39,0
E3483,T012,0,7,0
E4939,T004,47,25,1
E3806,T006,38,32,0
E4425,T007,9,100,1
E189,T015,8,35,0
E1970,T006,22,3,0
E4592,T005,23,81,1
E152,T007,20,7,0
E2188,T009,19,71,1
E401,T013,91,67,1
E4985,T008,20,37,0
E2892,T014,29,88,1
E4537,T004,58,32,1
E3830,T003,35,0,0
E3270,T010,28,7,1
E069,T007,19,44,1
E1002,T011,22,6,0
E1244,T014,61,53,1
E2148,T013,71,69,1
E4918,T014,31,53,1
E3942,T008,30,68,1
E599,T013,29,25,0
E1947,T001,11,25,0
E042,T008,87,41,1
E2742,T008,30,27,0
E4551,T014,89,10,0
E4483,T010,30,19,0
E2263,T011,39,35,0
E4852,T013,48,82,1
E780,T008,5,32,0
E1709,T008,30,36,0
E1774,T015,59,37,1
E4487,T014,65,84,1
E3000,T013,42,88,1
E2598,T002,62,72,1
E4631,T008,0,19,0
E4460,T007,9,22,0
E2009,T010,37,86,1
E1042,T002,5,19,1
E464,T001,18,27,0
E161,T012,61,33,1
E2228,T008,34,12,0
E4646,T010,32,19,0
E1205,T008,46,70,1
E392,T012,22,32,0
E4006,T014,31,83,1
E050,T010,68,11,1
E4601,T007,93,91,1
E3809,T013,86,80,1
E2413,T011,66,21,1
E1015,T013,9,95,1
E2694,T011,14,59,1
E3847,T013,28,14,0
E1750,T013,99,73,1
E4789,T005,26,30,0
E3034,T008,34,2,0
E423,T008,26,13,0
E2641,T009,26,53,1
E196,T011,29,39,0
E4131,T008,10,11,0
E2531,T015,6,17,0
E3235,T005,38,7,1
E1844,T014,38,40,0
E3461,T014,78,8,1
E2477,T012,94,72,1
E2671,T004,10,18,0
E1514,T006,29,8,0
E1672,T010,17,12,0
E1118,T015,27,76,1
E3761,T005,97,38,1
E1722,T012,40,10,0
E2035,T006,10,19,1
E1412,T005,34,28,1
E1165,T008,11,18,0
E4248,T010,4,2,0
E1574,T013,28,27,0
E174,T014,37,22,0
E1769,T007,27,73,1
E3441,T005,20,20,0
E3548,T010,34,14,0
E4028,T002,22,88,0
E311,T005,27,21,0
E4329,T008,20,27,0
E2873,T006,15,22,0
E3075,T010,39,7,0
E3856,T008,6,33,0
E647,T015,94,82,1
E3731,T001,31,23,0
E663,T002,0,4,0
E802,T010,40,8,0
E3246,T014,22,5,0
E2510,T004,9,29,0
E2751,T013,26,26,0
E4222,T006,39,20,0
E4721,T006,16,90,1
E4511,T013,28,14,0
E2037,T015,22,83,1
E3089,T015,31,7,0
E029,T004,39,19,0
E498,T013,16,0,0
E3234,T008,7,26,1
E2343,T001,51,54,1
E4209,T010,19,3,0
E4663,T006,21,45,1
E2951,T007,32,7,0
E1877,T008,25,8,1
E3278,T010,75,26,0
E1825,T009,49,33,0
E2102,T011,26,5,0
E212,T012,60,71,1
E2637,T007,26,20,0
E4448,T013,3,5,0
E2295,T010,73,68,1
E3793,T005,13,92,1
E354,T007,46,51,1
E1304,T014,53,17,0
E1928,T012,81,44,1
E357,T013,27,1,0
E4678,T008,34,5,1
E4192,T010,30,69,1
E4311,T010,73,51,1
E4816,T002,31,35,0
E4703,T015,0,40,0
E3845,T015,91,29,1
E1917,T013,25,86,1
E1742,T002,6,6,0
E2862,T014,36,21,0
E3684,T007,56,19,1
E3359,T006,36,11,0
E3891,T006,27,2,0
E505,T007,37,19,0
E594,T009,48,86,1
E479,T002,60,65,1
E861,T008,25,31,0
E1123,T002,89,55,1
E4374,T009,80,28,0
E3645,T013,57,77,1
E3196,T008,29,0,0
E872,T002,82,56,1
E3959,T008,2,77,1
E359,T012,56,31,1
E4330,T011,76,92,1
E3145,T014,14,20,0
E624,T010,38,21,1
E4048,T001,19,25,1
E045,T014,95,32,1
E3673,T005,3,21,0
E4847,T009,19,36,0
E2307,T013,7,11,0
E337,T005,67,92,1
E2603,T003,14,35,1
E2938,T010,93,27,1
E1051,T014,52,57,1
E3684,T013,16,15,0
E670,T002,33,26,0
E1167,T010,3,96,1
E1906,T008,10,37,0
E2591,T007,29,4,0
E681,T010,27,32,0
E1804,T013,24,19,0
E3865,T001,9,13,0
E372,T007,52,64,1
E3006,T007,98,93,1
E4579,T001,43,97,1
E1484,T012,27,1,0
E027,T014,27,77,1
E4161,T015,2,14,0
E4083,T013,78,88,1
E3397,T014,34,8,0
E1289,T007,22,39,0
E4887,T009,91,4,1
E2763,T014,56,57,1
E3649,T008,30,8,0
E2045,T003,8,80,1
E2705,T013,94,7,0
E4985,T001,14,39,0
E3251,T013,28,84,1
E1424,T002,57,76,1
E2479,T014,39,12,0
E3155,T011,31,23,0
E2797,T014,26,5,0
E891,T002,91,18,1
E4051,T005,28,35,0
E1522,T007,6,0,0
E2815,T008,35,29,0
E1778,T009,5,20,0
E4935,T003,93,1,1
E2073,T015,20,9,0
E4317,T002,55,27,1
E861,T012,12,69,1
E1476,T010,64,44,1
E2073,T014,14,37,0
E4266,T005,90,64,1
E3331,T005,3,15,1
E3880,T009,27,60,1
E1245,T001,23,5,0
E2755,T010,81,9,1
E3072,T011,32,34,0
E1707,T001,12,62,1
E4097,T010,32,34,0
E3471,T005,24,88,1
E3484,T003,31,23,0
E3017,T003,9,37,0
E2821,T014,30,9,0
E3356,T009,22,85,1
E4246,T012,11,24,0
E2607,T009,9,59,1
E198,T009,17,65,0
E1149,T015,48,61,1
E2787,T014,10,69,0
E4969,T001,17,9,0
E1783,T013,17,17,0
E3025,T014,12,49,1
E3586,T012,34,75,1
E2265,T002,96,31,1
E498,T003,40,15,1
E1125,T013,80,9,1
E901,T015,2,1,0
E4724,T009,59,98,1
E2911,T007,15,30,0
E4980,T002,31,6,0
E103,T005,35,11,0
E2798,T005,14,21,0
E3633,T004,8,7,0
E2813,T012,24,38,0
E135,T004,15,0,0
E728,T007,23,90,1
E4520,T009,16,25,0
E2966,T009,64,9,0
E2680,T012,70,41,1
E2567,T014,15,56,1
E2028,T003,24,22,0
E1448,T005,24,14,0
E2708,T008,34,16,0
E1783,T002,3,30,1
E2990,T010,20,6,0
E3422,T010,13,14,0
E3439,T013,4,26,1
E2080,T010,1,17,1
E3701,T015,34,13,0
E2210,T007,71,59,0
E3751,T013,91,83,1
E2623,T008,45,72,1
E2568,T014,27,68,0
E1095,T012,78,94,1
E896,T007,16,32,0
E4783,T014,22,32,0
E382,T006,18,24,0
E200,T003,26,6,1
E1810,T008,37,23,0
E958,T006,64,98,1
E1574,T009,13,39,1
E2789,T010,65,59,1
E1603,T014,51,65,1
E3513,T001,76,97,1
E2521,T010,75,23,1
E1720,T013,4,25,0
E466,T007,22,98,1
E1617,T015,25,51,1
E3360,T009,88,72,0
E1782,T010,39,84,0
E2555,T011,20,4,0
E4801,T010,13,60,1
E1611,T007,1,94,1
E061,T015,4,39,0
E4382,T014,31,3,0
E1337,T005,50,3,1
E276,T007,29,76,1
E1652,T010,11,21,0
E033,T012,15,51,1
E2204,T007,36,10,0
E3607,T011,55,1,1
E1635,T003,38,9,1
E621,T005,75,98,1
E1129,T008,30,90,0
E2595,T001,0,38,0
E986,T011,51,33,1
E1500,T010,13,13,0
E1649,T004,26,86,1
E4454,T005,7,7,0
E4694,T009,33,36,1
E1300,T010,4,4,0
E2133,T006,3,28,0
E3285,T002,16,66,1
E3273,T002,16,25,0
E3268,T003,85,27,1
E1478,T006,15,14,0
E587,T012,56,90,1
E3252,T011,17,25,0
E1013,T014,18,8,1
E2802,T013,27,57,1
E2004,T002,38,13,0
E1093,T001,7,25,1
E4178,T014,18,3,0
E1208,T002,99,74,1
E2493,T014,15,40,0
E2985,T014,97,10,1
E4365,T004,25,44,1
E978,T014,21,4,0
E2310,T004,17,55,1
E1056,T001,16,83,1
E2457,T008,63,18,1
E1131,T005,3,10,0
E1749,T013,15,21,0
E102,T008,11,14,0
E2761,T007,27,30,0
E3989,T012,71,46,1
E1903,T009,40,100,1
E1296,T005,26,20,1
E4180,T014,12,9,0
E505,T009,34,18,0
E2023,T002,55,84,1
E1966,T008,19,12,0
E3377,T001,17,27,1
E2112,T013,17,39,1
E4583,T001,4,75,1
E3577,T002,30,9,1
E4655,T014,26,100,1
E2602,T004,4,31,1
E318,T012,53,31,1
E3105,T013,56,1,1
E4871,T009,5,16,0
E995,T007,15,52,1
E660,T008,11,39,0
E684,T001,64,5,1
E1157,T011,22,6,0
E2900,T009,0,34,0
E226,T014,27,28,0
E975,T004,36,39,1
E4834,T013,36,16,0
E2203,T014,39,6,0
E3451,T008,90,95,1
E271,T001,55,54,1
E1604,T008,97,97,1
E1753,T007,14,2,1
E4465,T014,34,44,1
E3736,T002,41,61,1
E2265,T001,29,0,0
E1700,T004,7,15,0
E4132,T010,28,81,1
E369,T012,36,35,1
E1863,T010,35,65,1
E1866,T002,4,28,0
E213,T005,19,24,0
E2314,T009,22,98,1
E030,T015,37,2,0
E1453,T012,43,17,1
E1006,T006,12,65,1
E3858,T011,12,7,0
E4940,T008,36,51,1
E3002,T014,22,42,1
E4850,T008,96,37,0
E1851,T009,12,29,0
E1097,T002,15,3,0
E1388,T012,89,89,1
E436,T008,5,57,1
E3591,T009,17,14,0
E1262,T013,3,23,0
E116,T007,23,47,1
E150,T007,9,26,0
E2619,T008,14,33,0
E3729,T014,67,42,1
E1319,T005,22,23,1
E1178,T012,30,8,0
E1961,T014,29,24,0
E2642,T005,84,53,1
E722,T002,26,2,1
E2304,T013,59,9,1
E4918,T015,38,70,1
E3790,T007,17,37,1
E1159,T007,90,75,1
E297,T007,19,37,0
E778,T009,12,31,0
E3657,T001,44,6,1
E4756,T010,49,2,1
E2277,T002,16,2,0
E4458,T013,48,78,1
E1863,T015,7,40,0
E4896,T004,34,83,1
E1807,T003,36,23,0
E4511,T008,17,23,0
E1870,T008,43,30,1
E1857,T010,70,88,1
E2521,T013,74,40,1
E1715,T008,50,70,1
E3350,T014,21,24,0
E2023,T015,38,27,1
E2178,T005,77,14,0
E952,T012,27,9,0
E2002,T012,71,45,1
E4379,T014,81,31,1
E685,T009,5,3,1
E1633,T005,84,61,1
E584,T013,63,36,1
E2629,T007,20,24,0
E3996,T002,3,60,1
E2667,T014,34,33,0
E1574,T004,11,9,0
E2040,T013,15,15,0
E2231,T001,30,36,0
E2365,T014,32,28,0
E4876,T013,53,95,1
E037,T007,10,29,0
E2549,T007,81,11,1
E334,T003,30,40,1
E2100,T010,7,15,0
E4089,T001,44,1,1
E329,T008,5,38,0
E3494,T015,34,87,1
E967,T012,55,72,1
E4162,T015,1,35,0
E4594,T014,29,30,0
E3032,T007,8,27,0
E3821,T007,29,97,1
E1601,T005,68,38,1
E4117,T002,34,50,1
E3413,T001,52,7,1
E1528,T005,51,32,1
E4696,T015,27,12,0
E1101,T014,28,2,0
E2526,T005,76,62,1
E457,T010,42,63,1
E3865,T014,14,96,1
E4340,T009,100,3,1
E677,T008,6,0,0
E3831,T010,94,34,1
E4367,T015,21,37,0
E824,T012,35,23,0
E1060,T013,62,0,1
E525,T012,21,38,0
E3250,T002,73,70,1
E4064,T009,73,94,1
E4966,T012,30,16,1
E385,T005,28,4,1
E660,T014,26,0,0
E2552,T005,70,26,1
E847,T007,39,39,0
E2144,T007,8,32,0
E4644,T006,5,7,0
E4501,T009,37,4,0
E4210,T001,16,21,0
E547,T012,6,9,0
E4732,T007,1,27,0
E433,T014,57,23,1
E4098,T006,8,75,0
E229,T012,17,97,1
E1594,T005,23,31,1
E1223,T001,12,53,1
E2704,T012,91,56,1
E2471,T013,26,13,0
E1063,T009,46,94,0
E2500,T007,6,14,1
E655,T008,5,14,0
E2873,T013,33,65,1
E318,T008,6,73,1
E173,T014,38,30,0
E2569,T002,86,24,1
E4159,T001,89,1,1
E148,T011,28,23,0
E153,T012,60,26,1
E1539,T002,13,12,0
E3688,T014,37,5,0
E4034,T005,79,85,1
E3525,T010,13,17,0
E2256,T013,92,8,1
E4475,T007,10,3,1
E2661,T001,61,38,1
E2055,T013,91,75,1
E4539,T002,10,37,0
E4967,T003,38,26,0
E2728,T014,79,37,1
E4423,T012,14,15,0
E2147,T008,36,39,0
E652,T008,4,61,1
E2487,T008,29,29,0
E1849,T006,10,3,0
E211,T008,21,12,0
E539,T007,0,20,0
E3055,T014,76,79,1
E3799,T012,21,14,0
E209,T003,86,84,1
E4544,T006,66,39,1
E4618,T007,97,72,1
E2957,T008,27,29,0
E1997,T007,78,51,1
E1495,T013,73,10,1
E800,T014,8,36,0
E737,T003,28,23,0
E4225,T013,55,6,1
E2487,T009,99,32,1
E1029,T010,14,9,0
E385,T001,57,44,1
E3498,T014,39,3,0
E803,T014,8,11,0
E278,T009,34,17,0
E3015,T001,10,5,1
E3460,T014,38,36,0
E1985,T015,87,45,1
E734,T009,41,77,1
E4066,T008,9,23,0
E1580,T014,27,32,0
E1818,T014,37,46,1
E899,T004,22,83,1
E3530,T001,24,10,0
E458,T011,22,0,0
E847,T010,8,89,1
E3953,T013,61,60,1
E2636,T013,22,32,0
E1675,T013,34,84,1
E4014,T002,3,12,0
E943,T006,21,12,0
E2252,T008,20,18,0
E972,T001,36,12,0
E1058,T010,9,9,1
E4699,T003,17,30,0
E408,T002,69,26,0
E2235,T015,21,67,1
E2963,T013,38,39,0
E3018,T003,13,26,0
E3514,T012,80,3,1
E4018,T008,38,13,0
E4568,T012,9,75,1
E2174,T008,90,34,0
E3597,T001,97,3,0
E093,T007,31,36,0
E3616,T003,91,86,1
E073,T014,50,83,1
E4013,T006,21,29,0
E490,T014,30,12,0
E4458,T015,81,79,1
E2679,T007,61,19,1
E1986,T010,12,20,0
E677,T002,5,42,1
E4890,T004,16,30,0
E3267,T015,25,40,0
E846,T002,80,53,1
E4039,T012,99,50,1
E1319,T007,35,76,1
E1379,T004,34,92,1
E3907,T008,19,23,0
E1230,T001,38,80,1
E1410,T008,8,74,1
E1790,T003,99,51,1
E1469,T014,24,29,0
E3853,T013,37,29,0
E3719,T014,26,33,0
E4750,T015,48,88,1
E2494,T001,55,67,1
E004,T004,88,100,1
E3892,T011,32,33,0
E4434,T012,32,63,1
E2693,T014,11,27,0
E3091,T012,70,50,1
E1358,T002,84,90,1
E2891,T007,20,8,0
E472,T008,30,23,0
E2437,T014,51,62,1
E783,T013,29,88,1
E077,T012,31,30,0
E4766,T003,36,1,0
E1605,T007,2,37,0
E2500,T015,47,16,1
E3753,T001,15,13,0
E088,T015,9,76,1
E4511,T010,29,28,0
E1111,T014,73,89,1
E1654,T002,2,23,0
E1049,T012,62,62,1
E832,T005,53,26,1
E3288,T002,84,95,1
E253,T012,1,17,1
E4626,T004,2,21,1
E921,T014,19,24,0
E2372,T008,16,16,1
E4846,T004,48,61,1
E2017,T010,30,16,0
E3986,T014,10,26,0
E3270,T008,29,3,0
E4948,T014,40,85,1
E1870,T007,8,32,0
E1730,T001,2,28,0
E3806,T013,7,7,0
E2442,T006,86,38,1
E2550,T015,34,100,1
E853,T013,98,45,1
E097,T008,94,80,1
E4436,T001,31,18,0
E2002,T005,29,13,0
E1684,T001,12,23,0
E294,T008,92,70,1
E886,T011,29,29,0
E1401,T012,71,46,1
E1418,T007,30,2,0
E2531,T007,25,38,0
E4264,T013,28,70,1
E1602,T015,28,6,0
E4231,T014,40,29,0
E4201,T001,21,38,0
E692,T013,17,26,0
E4839,T004,66,96,1
E1833,T011,19,1,0
E2677,T007,15,4,0
E2091,T009,95,8,1
E3197,T003,32,20,1
E902,T012,30,74,1
E1821,T005,1,35,0
E4065,T014,33,33,0
E2036,T009,41,77,1
E2143,T013,12,54,1
E4618,T002,91,15,1
E4283,T007,55,100,1
E4917,T015,87,18,1
E4707,T014,22,18,0
E4391,T013,87,90,1
E626,T001,57,94,0
E471,T003,39,19,0
E1706,T008,40,18,1
E2328,T015,21,19,0
E112,T006,9,31,0
E4079,T010,24,90,1
E1527,T012,68,39,1
E836,T003,39,25,0
E440,T002,13,20,0
E660,T009,82,6,1
E1190,T007,32,23,1
E982,T008,19,16,0
E1834,T008,93,7,0
E3875,T002,95,10,1
E3399,T005,70,12,1
E008,T013,53,70,1
E2392,T008,36,85,1
E2489,T005,13,81,1
E3628,T014,0,64,1
E3526,T013,75,34,1
E3515,T015,80,28,1
E2051,T011,21,35,0
E2081,T007,19,92,0
E3960,T011,11,9,0
E2300,T014,20,40,0
E1340,T011,21,8,1
E4684,T008,6,32,0
E3020,T001,7,66,1
E3966,T014,9,7,0
E3665,T015,0,19,0
E954,T014,13,52,1
E1439,T013,58,14,1
E555,T011,16,27,0
E148,T012,24,68,1
E4993,T001,62,39,1
E1533,T007,38,23,0
E3243,T010,2,1,0
E3508,T003,77,23,1
E3546,T011,18,0,0
E587,T001,38,74,1
E2781,T004,15,9,0
E1520,T001,2,6,0
E4914,T013,11,7,0
E4803,T006,9,55,1
E4928,T009,95,26,1
E1712,T008,49,0,1
E4525,T005,36,19,1
E1310,T013,95,4,1
E3873,T012,18,11,0
E2363,T006,58,2,1
E3441,T014,32,51,1
E229,T008,78,68,1
E3539,T007,36,14,0
E1054,T008,32,27,0
E4223,T015,22,76,1
E119,T014,45,7,1
E2202,T010,34,38,1
E1526,T012,4,33,0
E1518,T014,76,52,1
E1871,T013,34,24,0
E2298,T004,46,56,1
E4856,T007,72,68,1
E3563,T002,29,1,0
E4840,T008,34,5,0
E1472,T004,37,21,0
E2902,T004,40,5,0
E2425,T014,73,72,1
E4208,T009,3,72,1
E4669,T001,50,69,1
E4673,T004,26,1,0
E4092,T007,32,30,0
E008,T012,95,99,1
E2018,T011,18,45,1
E1810,T002,69,52,1
E3832,T014,54,70,1
E899,T005,36,31,0
E2434,T013,37,22,0
E1920,T012,100,34,1
E3564,T010,93,86,1
E1353,T007,22,16,0
E1293,T012,74,65,1
E3278,T013,18,36,1
E2523,T006,4,21,0
E1976,T008,16,21,1
E526,T002,95,80,1
E3632,T012,30,17,0
E4024,T013,31,30,0
E249,T008,13,31,1
E2741,T006,0,2,0
E2965,T008,6,8,0
E757,T001,57,99,1
E379,T003,28,6,0
E4670,T014,26,28,0
E3394,T009,87,98,1
E3675,T001,100,53,1
E1901,T011,4,26,0
E1561,T004,48,2,1
E4998,T015,78,49,1
E4104,T005,3,19,0
E1248,T007,13,21,0
E4300,T005,2,21,0
E422,T014,62,2,1
E4220,T009,42,8,1
E3324,T014,1,6,0
E1023,T005,19,6,0
E3045,T005,19,24,0
E2532,T001,2,31,0
E1244,T015,38,73,1
E4392,T013,46,14,1
E1690,T007,33,17,0
E3691,T001,12,24,0
E3536,T010,77,25,1
E1010,T004,46,26,1
E3172,T007,8,31,0
E137,T004,26,26,0
E2471,T010,13,19,0
E3035,T004,18,2,1
E3086,T001,2,59,1
E284,T006,34,63,1
E1838,T001,66,76,1
E4790,T012,37,28,0
E589,T005,13,3,0
E3147,T014,11,11,0
E1184,T001,14,66,1
E3831,T004,14,29,0
E2930,T012,8,3,0
E4649,T008,32,18,0
E1944,T007,58,95,1
E3507,T009,11,6,0
E2156,T011,38,56,1
E2684,T005,94,11,1
E282,T003,25,78,1
E4330,T014,85,94,1
E1363,T013,27,4,0
E3543,T012,57,27,1
E4778,T007,15,32,0
E4460,T013,38,34,0
E500,T015,21,75,1
E269,T008,22,83,1
E613,T013,34,37,0
E2844,T003,79,88,1
E3138,T001,100,99,1
E226,T013,29,8,0
E4112,T008,37,40,0
E156,T009,15,34,0
E2466,T005,61,35,1
E2375,T010,76,81,1
E855,T008,89,43,1
E221,T004,33,45,1
E2657,T004,16,22,0
E4117,T013,78,62,1
E2651,T006,64,19,1
E061,T001,27,13,0
E127,T002,58,25,1
E1959,T011,20,18,0
E4622,T010,78,22,1
E700,T002,7,34,0
E215,T007,22,15,1
E2446,T009,60,27,1
E049,T005,49,40,1
E4385,T015,28,36,0
E3493,T008,24,20,0
E1397,T009,41,58,1
E1218,T007,25,13,0
E3717,T001,12,71,1
E1724,T003,17,15,0
E2329,T001,10,11,0
E4970,T009,19,3,0
E3125,T002,89,32,1
E549,T013,97,63,1
E4028,T008,51,28,1
E2933,T004,24,33,0
E2585,T013,36,35,1
E4311,T013,14,5,0
E166,T009,8,17,1
E4989,T007,6,15,0
E4050,T001,18,19,0
E1725,T007,29,89,1
E4142,T013,33,20,0
E4109,T015,46,77,1
E4686,T011,31,36,0
E4732,T010,9,9,0
E1446,T001,78,92,0
E4395,T014,28,18,0
E3508,T011,3,34,0
E3749,T014,37,61,1
E4664,T008,61,87,0
E1255,T009,0,12,0
E4077,T005,18,80,1
E3051,T007,21,63,1
E2667,T007,45,29,0
E1079,T014,88,52,1
E4171,T008,11,0,0
E4651,T012,77,20,1
E1431,T005,74,31,1
E246,T001,47,10,1
E2682,T009,44,43,1
E3642,T011,68,91,0
E1924,T007,98,47,1
E2144,T002,57,69,1
E4499,T014,22,17,0
E2842,T012,79,78,1
E945,T015,83,61,1
E2800,T002,42,50,0
E211,T003,95,82,1
E4124,T001,17,3,0
E1320,T008,7,4,0
E4411,T005,37,22,0
E3330,T013,31,2,0
E1360,T009,9,13,0
E2006,T005,13,19,0
E965,T007,7,6,0
E4569,T008,60,61,1
E2520,T010,15,34,0
E1006,T008,76,50,1
E3450,T013,39,32,0
E3011,T011,26,36,0
E1884,T014,29,34,0
E1537,T011,0,17,0
E1502,T008,35,43,0
E115,T008,14,50,1
E1291,T015,52,20,1
E2200,T002,28,61,1
E2696,T006,12,20,0
E3901,T008,24,95,1
E4584,T014,62,70,1
E4567,T005,8,21,0
E1921,T002,38,21,0
E2887,T010,22,57,1
E1567,T003,31,9,0
E2968,T005,21,29,0
E1918,T014,71,32,1
E3060,T013,39,1,0
E1822,T014,71,28,1
E3650,T011,75,93,1
E3083,T004,94,96,0
E475,T012,28,14,0
E2571,T002,91,82,1
E970,T004,4,4,0
E3797,T001,20,89,1
E4102,T006,19,26,1
E741,T002,27,55,1
E3332,T008,46,56,1
E3720,T014,58,94,1
E4332,T011,47,100,1
E2829,T001,1,3,0
E133,T011,78,55,1
E2473,T007,37,30,0
E2224,T009,48,29,1
E3338,T008,60,34,0
E4634,T015,35,25,1
E383,T008,51,63,1
E2022,T013,30,1,0
E4507,T010,92,11,1
E3973,T006,34,37,0
E4602,T001,22,88,1
E1253,T003,17,17,0
E4853,T001,14,5,0
E553,T009,75,78,1
E2022,T002,34,76,1
E2102,T005,33,12,0
E1552,T010,12,23,0
E4260,T014,7,30,0
E3052,T011,12,18,0
E4449,T011,39,37,0
E2989,T012,60,78,1
E950,T005,32,5,0
E2858,T009,21,22,0
E4471,T012,39,0,1
E392,T001,33,45,1
E296,T011,27,3,0
E2415,T015,1,29,0
E1521,T014,23,3,0
E2839,T011,24,13,1
E2273,T002,3,10,0
E4488,T011,24,26,0
E3832,T015,28,26,0
E3695,T009,10,20,0
E1940,T013,40,3,0
E845,T008,32,83,1
E4150,T006,26,11,0
E2686,T010,27,30,0
E3425,T010,24,10,0
E4724,T007,12,52,1
E2103,T008,26,20,0
E3137,T010,25,15,0
E800,T009,34,23,0
E1088,T012,70,77,1
E4786,T013,76,55,1
E3509,T008,7,38,0
E1130,T007,76,71,0
E3719,T004,27,36,1
E4589,T001,37,32,0
E4991,T015,32,80,1
E3206,T006,32,17,0
E088,T008,7,30,0
E1006,T004,14,26,0
E4520,T014,47,37,1
E4974,T010,34,26,1
E1630,T009,14,34,0
E709,T005,74,82,1
E031,T012,28,12,0
E1691,T007,27,3,0
E2755,T003,71,77,0
E4181,T008,38,16,0
E4184,T003,46,79,1
E101,T007,9,17,0
E015,T014,37,28,0
E925,T014,27,34,0
E1236,T001,92,80,0
E4311,T012,58,10,1
E1190,T001,28,16,0
E3310,T011,60,2,1
E785,T001,55,41,1
E3182,T012,30,35,0
E4200,T001,6,19,0
E4260,T007,2,27,0
E1189,T001,48,95,1
E1573,T015,41,25,1
E3520,T011,86,53,1
E3735,T008,96,84,1
E2067,T004,76,58,1
E1113,T007,11,1,1
E2145,T004,39,8,1
E4517,T007,30,25,0
E2968,T014,40,4,0
E4276,T007,76,1,1
E1002,T015,46,26,1
E234,T013,30,5,0
E2344,T010,28,6,0
E3832,T004,62,79,1
E645,T002,34,27,1
E4591,T010,15,7,0
E4479,T004,0,1,0
E482,T013,39,22,1
E3056,T012,55,58,1
E1531,T001,12,3,0
E2940,T002,7,38,1
E4785,T008,24,30,0
E2958,T013,61,68,1
E3488,T015,0,12,1
E502,T010,4,13,0
E4786,T001,9,39,0
E4349,T005,19,20,0
E3331,T011,53,99,1
E1134,T006,10,31,1
E058,T008,3,71,1
E3332,T005,93,8,1
E1340,T009,3,28,0
E4925,T003,19,37,0
E3712,T009,52,83,1
E1280,T010,40,9,0
E4219,T008,20,47,1
E756,T001,59,26,1
E3053,T008,7,89,1
E2187,T014,3,13,1
E534,T007,21,31,1
E3107,T008,77,73,0
E528,T009,5,10,0
E1740,T006,7,3,0
E4770,T008,13,17,0
E234,T011,31,40,0
E3906,T002,20,34,0
E1423,T004,86,49,1
E2279,T013,31,7,0
E1737,T015,2,20,1
E3668,T005,29,34,0
E3490,T008,100,41,1
E4164,T010,38,33,0
E186,T004,59,70,1
E535,T003,12,31,0
E1580,T013,24,3,0
E3459,T013,14,61,1
E639,T008,18,1,0
E4738,T014,36,77,1
E2512,T003,92,93,1
E2806,T012,8,20,0
E329,T013,96,28,1
E2892,T007,16,41,1
E4215,T014,41,56,1
E1297,T004,5,32,0
E235,T008,5,5,0
E1876,T001,64,59,1
E3435,T012,28,26,0
E3601,T003,88,69,1
E2534,T005,27,20,1
E1903,T010,33,0,0
E4599,T007,86,45,1
E4148,T013,32,38,1
E3787,T003,16,22,0
E2075,T011,29,29,0
E564,T005,37,30,0
E3668,T010,11,43,1
E1941,T003,61,22,1
E304,T014,40,2,1
E1368,T007,71,36,1
E2053,T002,31,9,1
E3112,T009,26,32,0
E296,T002,17,33,0
E2732,T010,97,91,1
E890,T007,11,82,1
E710,T009,25,6,0
E2793,T005,92,84,1
E979,T008,78,25,1
E1938,T012,7,24,0
E4523,T007,3,23,0
E1801,T013,10,75,1
E3517,T009,31,2,0
E2383,T014,32,21,0
E4326,T009,3,95,1
E4471,T011,41,8,0
E2746,T013,29,29,0
E4955,T001,8,10,1
E3894,T009,0,34,0
E3101,T015,20,40,0
E2268,T011,24,100,1
E4765,T013,40,97,1
E2135,T007,63,21,1
E4381,T001,95,7,1
E3160,T007,54,66,1
E4464,T002,41,49,0
E4416,T005,30,7,0
E978,T009,22,60,1
E054,T004,5,65,1
E443,T015,91,73,0
E166,T010,75,5,1
E259,T001,15,71,0
E3691,T009,53,3,1
E2712,T012,94,56,1
E307,T005,40,35,0
E2726,T007,39,13,0
E3313,T010,33,32,1
E460,T002,84,45,1
E2591,T008,59,62,1
E1811,T004,39,0,0
E4521,T010,15,12,0
E710,T005,78,1,1
E540,T013,13,8,0
E3318,T004,99,50,1
E299,T008,32,6,0
E2852,T005,38,7,0
E314,T003,53,18,1
E4153,T014,46,94,1
E2407,T008,40,12,0
E2089,T013,39,16,0
E4753,T013,19,36,0
E2630,T014,75,94,1
E4994,T012,39,9,0
E1282,T005,26,3,1
E3547,T013,14,13,0
E1097,T013,0,15,1
E934,T007,10,29,0
E310,T014,96,90,1
E4865,T007,8,28,0
E4006,T007,55,6,1
E032,T014,65,89,1
E1163,T012,49,97,1
E2457,T011,35,2,0
E4463,T010,9,30,0
E1598,T001,19,10,0
E825,T002,72,53,1
E2709,T001,77,48,1
E3234,T003,16,3,0
E192,T004,8,19,1
E1431,T015,70,11,1
E2292,T006,92,65,1
E3798,T013,22,12,0
E4983,T003,38,22,0
E1664,T008,0,4,0
E186,T014,3,4,0
E1474,T013,59,78,1
E4087,T005,13,4,0
E4118,T009,7,40,0
E3663,T015,87,5,1
E680,T009,43,92,1
E3898,T007,16,18,0
E3856,T006,34,6,0
E2024,T012,20,39,0
E2091,T015,35,84,1
E3064,T004,12,2,0
E621,T007,24,10,0
E3269,T001,17,15,1
E250,T001,77,15,0
E3068,T008,7,17,0
E2484,T011,14,8,0
E1199,T005,77,13,1
E2140,T014,3,5,0
E4291,T009,79,94,1
E3109,T003,5,14,0
E1374,T009,4,11,0
E4640,T008,2,8,0
E1064,T001,2,44,1
E2871,T012,14,15,0
E4534,T006,52,49,1
E3065,T009,35,10,0
E3746,T005,78,8,0
E2527,T003,43,23,1
E2183,T005,31,37,0
E3212,T014,52,63,1
E2276,T007,73,51,1
E008,T006,27,3,0
E1411,T001,57,72,0
E011,T001,39,12,0
E3920,T014,67,26,1
E4407,T015,12,14,1
E074,T007,35,15,0
E2804,T003,59,100,1
E2642,T002,49,70,1
E4393,T013,17,11,1
E4306,T012,34,4,1
E1768,T002,91,28,1
E1131,T001,60,67,1
E2452,T014,99,62,1
E3880,T005,56,15,1
E2181,T004,33,25,0
E4391,T014,65,64,1
E1376,T007,63,25,0
E2703,T013,38,33,0
E3625,T012,93,43,1
E4831,T011,4,28,0
E2638,T014,47,50,1
E3893,T010,9,26,0
E3570,T007,31,13,0
E2977,T002,13,8,0
E1656,T002,8,28,0
E1843,T009,15,78,1
E2812,T009,38,0,0
E4363,T012,9,34,1
E1472,T001,27,24,0
E2243,T012,48,77,1
E2868,T003,70,83,1
E258,T014,14,12,0
E1797,T001,18,15,0
E3428,T011,39,4,1
E1925,T008,31,27,0
E251,T008,3,7,0
E3554,T008,29,24,0
E3457,T002,77,34,1
E3394,T013,21,25,0
E3516,T001,21,14,0
E3112,T001,12,29,1
E2604,T002,66,89,1
E2575,T001,90,7,1
E2859,T005,65,4,1
E2758,T007,45,44,1
E4136,T008,38,99,1
E2549,T010,65,45,1
E4181,T014,16,40,0
E145,T005,32,31,0
E2942,T011,20,0,0
E426,T008,20,36,0
E197,T007,55,0,1
E1072,T011,19,39,0
E2477,T011,66,20,1
E4230,T001,33,30,0
E3516,T007,25,28,0
E409,T001,55,57,1
E3716,T010,20,50,1
E101,T001,10,31,0
E802,T004,0,12,0
E2975,T001,38,29,1
E1046,T004,7,73,1
E2375,T014,2,36,0
E3061,T005,55,37,1
E3834,T008,19,4,1
E2963,T011,34,7,0
E4864,T012,0,50,1
E505,T006,28,29,0
E452,T008,87,55,0
E1810,T012,74,66,1
E2049,T008,24,21,0
E440,T012,25,31,0
E796,T004,12,91,1
E3078,T002,38,9,0
E3308,T011,21,15,0
E4423,T011,22,21,0
E3945,T014,5,73,1
E4667,T014,24,11,1
E4744,T003,29,9,0
E946,T015,76,19,1
E3098,T006,8,34,0
E2338,T001,8,62,1
E2493,T001,3,27,0
E851,T007,39,22,0
E1329,T003,38,29,0
E2776,T002,53,46,1
E4587,T002,35,63,1
E1199,T008,59,4,1
E667,T001,17,7,0
E2455,T009,61,39,1
E701,T008,6,100,1
E4665,T012,45,40,1
E367,T005,43,18,1
E4655,T004,62,81,1
E777,T007,9,82,1
E1226,T009,12,10,0
E3828,T005,31,40,0
E1099,T001,33,34,0
E751,T003,71,52,0
E625,T001,4,19,1
E4267,T004,11,69,1
E4372,T012,69,22,1
E2550,T013,54,81,1
E3320,T005,66,27,1
E613,T015,48,11,1
E1634,T004,73,19,1
E2696,T001,20,6,0
E159,T007,28,34,0
E3620,T002,18,17,0
E1249,T008,28,69,1
E1686,T007,11,23,0
E277,T002,20,29,0
E4756,T006,42,51,1
E1905,T004,22,18,0
E2497,T003,7,9,0
E4419,T015,22,75,1
E3094,T013,30,21,0
E1636,T008,12,34,0
E4302,T011,8,93,1
E4863,T003,42,36,1
E3961,T002,11,76,1
E1834,T010,70,91,1
E1032,T009,38,17,0
E2587,T005,12,25,0
E4300,T014,19,8,0
E4854,T008,69,83,0
E4434,T013,28,81,1
E3105,T009,94,62,1
E4130,T009,10,22,0
E991,T006,15,95,1
E2442,T003,59,43,0
E3825,T008,8,27,0
E1434,T012,6,8,0
E1048,T007,23,77,1
E4289,T012,2,31,1
E1655,T014,21,30,0
E1925,T012,16,24,0
E4621,T008,30,0,0
E4416,T013,71,54,1
E3458,T010,81,57,1
E3219,T007,26,5,0
E4268,T004,8,2,0
E1665,T014,72,86,0
E2814,T011,9,14,1
E3133,T001,27,13,1
E2577,T013,47,35,1
E2304,T006,24,21,0
E3898,T012,2,67,1
E4176,T002,10,29,0
E2977,T004,11,39,0
E1704,T007,57,30,1
E145,T004,73,11,1
E364,T013,24,52,1
E1614,T006,77,75,0
E1548,T008,14,24,0
E3560,T007,66,63,1
E1155,T014,73,14,1
E1205,T002,42,84,1
E1439,T012,3,2,0
E4040,T011,26,26,0
E3189,T005,52,11,1
E402,T013,18,64,1
E2541,T009,19,31,1
E4435,T007,39,5,0
E2861,T001,2,33,0
E3622,T015,63,49,1
E2206,T007,40,65,1
E120,T013,21,73,1
E4977,T014,36,0,1
E832,T010,30,52,1
E4613,T003,7,93,1
E624,T012,70,98,1
E3082,T005,30,22,0
E2392,T013,30,21,1
E1454,T014,46,69,1
E1932,T015,1,13,0
E2409,T014,41,11,1
E4446,T008,56,2,1
E519,T003,25,35,1
E3191,T011,10,6,1
E097,T007,82,57,1
E2139,T008,22,6,0
E985,T013,37,4,0
E2564,T012,28,92,1
E2935,T008,7,9,0
E2357,T003,95,49,1
E2886,T007,3,32,0
E733,T013,47,68,1
E4657,T014,44,90,1
E3480,T014,58,28,1
E2582,T010,26,38,1
E973,T014,23,9,1
E842,T007,1,2,0
E4517,T005,21,41,1
E1153,T010,82,72,0
E1344,T008,33,26,0
E4323,T012,21,26,0
E4600,T003,39,2,0
E1812,T013,16,50,1
E4390,T004,20,76,1
E633,T005,51,12,1
E2897,T002,42,44,0
E2564,T007,32,33,0
E1965,T004,15,39,0
E3605,T002,73,76,1
E3164,T012,56,7,1
E1739,T012,8,10,0
E4874,T007,41,15,1
E603,T013,40,21,1
E1153,T005,95,10,1
E4004,T015,48,53,1
E682,T001,5,8,0
E2376,T002,79,39,1
E2556,T008,18,24,0
E1991,T012,4,28,0
E249,T012,61,41,1
E2650,T008,20,13,1
E2728,T006,34,0,0
E3037,T015,11,0,0
E2785,T008,22,83,1
E4515,T004,16,7,0
E5000,T007,55,80,0
E146,T012,6,61,1
E1104,T010,89,13,1
E2269,T009,53,4,1
E4082,T012,35,24,0
E3820,T010,59,56,1
E4928,T011,14,33,0
E2770,T001,33,35,0
E1886,T013,89,96,1
E2032,T010,68,63,1
E3910,T014,85,43,1
E1525,T014,31,33,0
E082,T001,5,18,0
E3689,T011,83,83,1
E1529,T012,100,83,1
E1925,T011,45,29,1
E319,T008,34,33,1
E506,T001,94,58,1
E1336,T006,1,26,1
E2969,T008,22,14,1
E3714,T014,27,95,1
E3394,T003,35,11,0
E4568,T007,61,89,1
E637,T007,9,22,0
E4582,T001,40,18,0
E4312,T013,19,10,0
E2152,T007,45,86,1
E192,T003,4,9,0
E4148,T014,21,31,0
E4294,T004,35,39,0
E3720,T002,37,97,1
E408,T013,30,1,0
E3568,T015,29,15,0
E3847,T008,62,71,1
E2950,T012,53,19,1
E3846,T013,6,17,0
E3893,T006,28,69,1
E3094,T015,28,12,0
E2327,T008,0,68,0
E4755,T005,19,3,1
E3976,T003,20,1,0
E870,T014,28,20,0
E192,T011,15,5,1
E3386,T003,80,66,1
E041,T003,70,48,1
E597,T005,21,4,1
E2905,T006,26,46,1
E4836,T013,18,25,0
E2124,T008,63,91,1
E3305,T007,14,30,0
E467,T006,7,25,0
E2411,T002,19,50,1
E3325,T008,14,14,0
E1497,T013,25,41,1
E2421,T001,79,27,1
E1539,T011,24,9,1
E2067,T010,2,31,0
E802,T008,58,31,1
E4932,T009,3,24,0
E3499,T013,7,38,0
E1686,T009,39,37,0
E2047,T002,97,50,1
E1375,T001,7,5,0
E1939,T005,75,41,0
E4954,T008,22,13,0
E3636,T003,49,60,1
E1693,T012,21,9,0
E2446,T002,26,6,0
E1059,T012,9,1,0
E111,T011,3,51,1
E1309,T001,83,11,1
E3926,T015,57,72,1
E1617,T002,12,90,1
E1798,T015,14,35,0
E1928,T010,20,25,0
E973,T009,19,36,0
E2444,T014,55,38,1
E3223,T006,17,11,0
E089,T004,16,2,0
E1326,T005,0,21,0
E4476,T006,20,21,0
E3021,T014,4,6,0
E3096,T003,15,1,0
E475,T009,32,6,0
E2426,T004,8,22,0
E1137,T014,58,20,1
E4207,T013,26,22,0
E316,T013,24,7,0
E2027,T002,21,36,1
E917,T011,93,48,0
E4174,T007,25,31,0
E370,T008,54,76,1
E4829,T012,31,28,0
E4687,T013,14,6,0
E2879,T007,93,89,1
E630,T001,30,33,0
E3799,T013,12,39,0
E506,T007,69,13,0
E634,T001,61,97,1
E1297,T011,15,30,0
E1991,T014,65,94,1
E3832,T007,1,53,1
E1066,T001,18,83,1
E3433,T012,64,1,1
E3847,T005,40,85,1
E109,T005,73,38,1
E3794,T012,62,20,1
E648,T004,36,18,1
E730,T013,79,78,1
E739,T013,24,38,0
E382,T009,30,81,1
E2672,T007,24,38,0
E4231,T010,17,7,0
E1808,T007,82,39,1
E115,T002,27,20,0
E4165,T002,9,6,1
E1900,T001,30,46,1
E1989,T001,17,24,0
E4776,T001,20,19,1
E2442,T014,26,31,0
E3276,T001,37,24,0
E2624,T002,70,20,1
E1248,T012,79,92,1
E1366,T005,21,21,0
E318,T010,31,19,0
E4574,T001,97,45,1
E1005,T002,40,14,0
E2907,T012,19,86,1
E1589,T014,0,15,0
E2361,T008,14,37,0
E3819,T012,3,21,0
E2436,T001,38,23,0
E1672,T002,22,40,0
E732,T007,45,26,1
E3869,T005,11,65,1
E1816,T010,94,52,1
E642,T001,29,31,0
E2822,T001,1,11,1
E1216,T009,39,36,0
E956,T009,88,46,1
E341,T011,5,25,0
E1268,T013,24,13,0
E2886,T010,55,5,1
E2270,T010,31,42,1
E4830,T007,18,25,1
E4237,T009,74,88,1
E1609,T002,7,3,0
E4541,T002,17,9,0
E1998,T009,1,11,0
E4569,T004,70,51,1
E4353,T003,58,71,1
E839,T010,68,0,1
E4914,T008,38,98,1
E2393,T012,42,6,1
E3110,T001,55,15,1
E2650,T012,45,91,1
E091,T007,13,31,0
E2235,T014,50,80,1
E962,T011,52,85,1
E2195,T011,88,79,1
E3059,T015,62,52,0
E3531,T010,64,20,1
E1253,T008,33,18,0
E3557,T010,11,23,0
E2522,T013,24,14,0
E088,T006,35,25,0
E4001,T008,69,61,1
E641,T007,63,91,1
E3021,T010,2,86,1
E760,T012,60,13,0
E4524,T011,66,58,1
E4142,T010,11,24,1
E4733,T008,3,37,0
E4542,T014,21,2,0
E2959,T001,27,24,0
E812,T002,92,98,1
E4111,T003,30,19,1
E547,T006,82,47,1
E099,T007,93,100,1
E3813,T012,34,13,0
E3928,T009,38,13,0
E077,T013,21,17,0
E2279,T015,39,28,0
E314,T012,27,37,0
E1121,T009,55,42,1
E4486,T005,20,39,0
E1773,T009,53,28,1
E2605,T012,34,6,0
E1518,T008,29,60,1
E3282,T001,8,26,1
E4457,T011,40,16,1
E4978,T009,9,65,1
E650,T007,13,19,0
E1237,T013,77,3,1
E812,T006,27,53,1
E2233,T015,70,5,1
E075,T014,88,82,1
E2287,T008,34,27,0
E3816,T013,17,24,0
E2598,T001,55,15,1
E4863,T007,65,58,1
E1196,T005,4,26,0
E1891,T013,10,67,1
E3211,T011,28,28,0
E1502,T001,77,3,1
E086,T006,15,73,1
E4915,T010,5,20,0
E891,T008,96,83,1
E4555,T015,31,24,0
E3029,T014,24,31,0
E3686,T004,42,8,0
E3022,T012,29,32,0
E1774,T002,73,43,1
E4469,T001,73,89,1
E4149,T006,29,21,0
E2865,T001,82,4,0
E833,T005,16,28,0
E107,T013,6,39,0
E3320,T003,28,17,0
E4827,T001,81,26,0
E518,T005,34,2,0
E1285,T008,74,16,1
E316,T011,43,96,1
E3081,T005,76,66,1
E2140,T002,24,3,0
E1981,T008,40,3,0
E1650,T005,27,37,0
E4911,T001,96,54,1
E2080,T015,84,49,1
E3736,T007,17,7,0
E317,T011,25,90,0
E1015,T003,85,100,1
E145,T006,35,28,0
E1069,T002,39,27,0
E1670,T013,27,55,1
E291,T001,38,29,0
E3175,T011,50,15,1
E750,T002,34,11,0
E1462,T012,46,28,1
E1518,T001,10,20,0
E1077,T015,29,23,0
E2337,T013,26,2,0
E3364,T013,33,2,0
E1421,T015,40,80,0
E4382,T010,48,88,1
E4800,T001,100,56,1
E261,T004,73,9,1
E4283,T001,32,77,1
E2238,T001,72,35,1
E1238,T010,23,1,0
E2685,T001,95,82,1
E2319,T008,20,27,1
E372,T005,31,15,0
E2305,T009,13,13,0
E1589,T005,7,13,0
E1497,T003,33,32,0
E4876,T012,95,84,1
E644,T013,15,40,0
E897,T001,10,17,0
E148,T006,26,27,1
E1414,T013,17,6,1
E3676,T001,11,2,0
E904,T015,29,46,0
E3944,T012,48,64,1
E3918,T002,2,7,1
E1018,T001,39,4,0
E4398,T005,22,7,0
E4406,T001,18,35,0
E968,T009,29,34,0
E4995,T002,64,93,1
E3065,T008,19,16,0
E3220,T010,26,54,1
E2815,T007,16,43,1
E1376,T008,100,80,1
E1465,T006,19,24,1
E4275,T009,13,92,1
E584,T012,7,13,0
E123,T008,53,76,1
E1288,T005,54,24,1
E3947,T009,2,37,0
E2205,T010,7,15,0
E4934,T010,18,22,0
E253,T002,8,26,0
E3827,T007,17,99,1
E4587,T005,40,18,1
E4811,T013,7,12,1
E1286,T011,54,100,1
E1678,T001,76,55,1
E1630,T008,27,62,1
E1240,T014,40,19,0
E1138,T003,77,81,1
E2196,T014,36,11,1
E2620,T014,91,32,1
E485,T005,23,41,1
E4193,T013,49,35,1
E1484,T005,38,13,0
E1107,T011,39,45,1
E080,T013,50,35,1
E3734,T003,31,14,0
E150,T012,5,36,0
E4682,T008,5,42,1
E3486,T004,90,68,1
E850,T015,27,16,0
E3376,T008,23,23,0
E3358,T009,12,22,0
E1258,T009,19,19,0
E4459,T012,17,30,0
E2379,T013,62,2,1
E1038,T009,65,8,1
E3065,T007,14,25,0
E2747,T009,68,56,1
E360,T005,8,20,0
E4149,T005,55,83,1
E4707,T003,59,5,1
E4777,T013,38,29,0
E2358,T007,20,23,0
E4422,T014,18,33,0
E940,T007,6,88,1
E3272,T014,43,62,1
E2541,T007,75,39,0
E2948,T014,64,91,1
E2470,T013,33,12,0
E3450,T001,95,42,1
E1402,T007,76,80,1
E2953,T009,8,11,0
E246,T004,80,15,1
E1965,T011,76,33,1
E1676,T005,32,24,0
E4397,T010,10,6,0
E285,T002,8,26,0
E210,T012,40,31,0
E3178,T014,89,43,1
E3876,T011,71,38,1
E1194,T014,12,15,0
E511,T002,80,85,1
E1886,T007,5,11,0
E733,T003,91,59,1
E2931,T010,11,11,0
E2981,T009,29,6,0
E3268,T014,71,98,0
E4099,T005,65,34,1
E868,T005,50,84,1
E1819,T009,15,11,0
E053,T007,12,7,0
E2017,T006,14,16,0
E3228,T010,4,4,0
E524,T001,13,29,0
E3891,T008,25,41,1
E4787,T013,72,10,1
E4331,T006,6,15,0
E447,T001,81,34,0
E836,T014,7,1,0
E2690,T001,8,21,1
E3162,T014,70,7,1
E4872,T009,37,20,0
E4326,T006,22,17,0
E3086,T007,31,2,0
E266,T010,18,6,0
E374,T015,91,10,1
E4797,T010,0,33,1
E2953,T002,92,25,1
E902,T003,32,29,1
E1396,T001,30,31,1
E248,T007,83,83,1
E524,T006,77,91,1
E2642,T008,9,96,1
E3315,T012,24,64,1
E1178,T004,27,17,0
E1284,T004,24,25,0
E2924,T005,9,34,0
E4252,T006,19,41,1
E3349,T008,26,4,1
E4946,T001,31,36,0
E4670,T008,48,20,1
E3385,T013,10,77,1
E466,T004,10,7,0
E4522,T010,91,10,1
E4797,T014,32,24,0
E2820,T006,90,37,0
E4175,T006,32,23,1
E1726,T005,26,38,0
E4525,T010,70,14,1
E1341,T005,72,18,1
E3596,T008,68,93,1
E2236,T006,19,10,0
E4556,T008,20,7,0
E3544,T004,5,82,1
E1385,T014,25,69,1
E3704,T011,61,12,1
E2333,T004,29,13,1
E972,T011,71,45,1
E2261,T015,30,86,1
E2507,T009,73,85,1
E2972,T002,0,40,0
E3838,T014,35,15,0
E356,T009,39,11,0
E3388,T008,43,1,1
E3570,T002,0,8,0
E3847,T004,49,27,1
E1745,T014,14,35,0
E4479,T002,22,95,1
E3411,T006,10,18,0
E2051,T001,75,100,1
E3538,T009,26,24,0
E3086,T009,28,38,0
E3123,T010,20,33,0
E358,T007,36,96,1
E3029,T008,20,40,0
E3095,T011,9,31,0
E3307,T001,30,45,1
E4775,T012,7,25,0
E2623,T009,46,68,1
E887,T001,32,28,0
E468,T008,18,18,0
E2925,T005,19,3,0
E4920,T005,9,17,0
E2725,T002,8,6,0
E2291,T001,20,36,1
E1993,T003,29,76,1
E2323,T011,51,52,1
E2966,T001,36,31,0
E3311,T009,29,12,0
E1016,T015,24,9,0
E2049,T014,29,51,1
E1400,T003,98,38,1
E2252,T012,27,21,0
E018,T013,36,35,0
E2461,T014,67,41,1
E809,T013,66,17,0
E2895,T006,33,98,1
E4218,T004,2,11,0
E894,T002,6,38,0
E239,T009,31,98,1
E3290,T008,55,94,1
E3550,T002,36,26,0
E256,T011,27,50,1
E3744,T014,4,30,0
E4168,T015,16,9,0
E3141,T015,49,13,1
E688,T007,21,6,0
E1845,T010,38,2,0
E486,T012,35,38,0
E560,T005,19,38,0
E3093,T015,75,44,1
E3348,T008,85,39,1
E2995,T008,91,40,1
E2410,T001,6,14,0
E3917,T004,51,41,1
E080,T005,19,2,0
E3418,T010,92,68,1
E2084,T001,32,93,1
E2842,T009,66,5,0
E3848,T005,73,14,1
E1321,T014,14,82,0
E2815,T005,5,32,0
E022,T007,15,97,1
E896,T006,16,94,1
E3040,T009,21,10,0
E1412,T009,55,53,1
E1147,T004,53,4,1
E2202,T013,17,29,0
E2281,T002,92,23,1
E3609,T014,87,24,1
E4394,T002,65,14,1
E4719,T010,92,9,1
E1829,T007,99,25,1
E940,T001,36,45,1
E762,T003,11,1,0
E4443,T001,13,24,0
E3556,T001,17,3,0
E1901,T001,8,7,1
E318,T014,24,15,0
E2714,T009,63,100,1
E2152,T003,0,17,0
E3164,T001,40,14,0
E2052,T006,6,0,0
E1319,T003,75,29,1
E460,T004,29,11,1
E4344,T009,27,35,0
E2487,T002,31,69,1
E3514,T002,14,15,0
E2362,T005,9,27,1
E1070,T003,0,16,0
E3224,T009,21,67,1
E1116,T008,20,55,1
E4221,T015,32,19,0
E4124,T014,26,0,1
E1611,T008,47,43,1
E363,T015,5,32,0
E2399,T010,56,0,1
E2379,T005,97,100,1
E4126,T012,28,7,0
E4877,T002,77,46,1
E938,T005,85,57,1
E3204,T012,94,82,1
E2469,T004,47,19,1
E3049,T008,2,8,0
E4202,T014,42,57,0
E3015,T010,14,30,0
E2065,T002,28,13,0
E1695,T005,44,78,1
E2887,T001,6,31,0
E4999,T001,58,94,1
E326,T006,24,8,0
E4013,T013,47,74,1
E676,T004,29,24,0
E1165,T014,13,43,1
E4202,T013,15,22,1
E970,T009,24,28,0
E1699,T007,7,33,0
E003,T010,46,81,0
E2449,T001,53,88,1
E3460,T011,93,2,1
E3314,T008,29,5,0
E3932,T007,15,28,1
E4324,T002,72,15,1
E1629,T001,42,7,1
E1297,T006,28,33,0
E3679,T007,54,26,1
E282,T010,4,6,0
E332,T001,85,62,0
E3013,T002,21,34,0
E3182,T014,26,20,0
E3135,T001,20,0,1
E4910,T008,35,14,1
E445,T010,37,25,0
E796,T008,10,40,0
E669,T011,49,80,1
E567,T007,85,18,0
E4976,T008,56,31,1
E4967,T015,88,66,1
E1314,T002,14,82,1
E3825,T010,14,40,0
E3467,T008,43,28,0
E284,T014,34,50,1
E3841,T007,69,44,1
E1112,T015,95,83,1
E2061,T015,14,26,0
E1289,T008,15,20,0
E4955,T009,76,98,1
E773,T002,53,23,1
E1835,T007,3,35,0
E1585,T004,0,63,1
E203,T012,28,91,1
E372,T002,1,17,0
E4671,T005,30,26,0
E2584,T004,28,59,0
E4826,T009,88,100,1
E174,T013,15,28,0
E3121,T008,0,16,0
E2013,T014,59,38,1
E4572,T008,19,7,0
E094,T009,24,18,0
E1986,T006,30,12,0
E1932,T011,57,15,1
E3356,T001,67,9,1
E2845,T009,33,36,0
E953,T004,36,20,0
E785,T007,26,33,0
E1011,T015,20,27,0
E1351,T015,14,0,0
E3198,T014,58,72,1
E3498,T011,42,23,1
E2751,T012,72,44,1
E2501,T009,35,79,1
E3449,T011,1,34,0
E4847,T008,14,28,0
E3676,T011,3,65,1
E3113,T013,14,53,1
E2620,T001,41,22,1
E706,T006,53,100,1
E605,T006,17,27,0
E3017,T014,56,52,1
E099,T009,99,30,0
E105,T015,92,50,1
E4022,T011,0,20,0
E1302,T002,73,14,1
E196,T009,14,13,0
E1906,T010,18,68,1
E2945,T001,60,26,1
E3113,T003,75,71,1
E4705,T005,88,70,1
E2757,T007,71,91,1
E1201,T005,57,96,1
E4725,T007,13,34,0
E4726,T014,43,77,1
E1163,T007,55,5,1
E1815,T009,27,26,0
E1490,T010,0,0,0
E717,T007,82,63,1
E2702,T014,40,0,0
E2097,T013,76,85,1
E3353,T014,29,7,1
E4761,T001,26,35,0
E3435,T010,80,86,1
E2739,T006,18,12,0
E2045,T002,87,82,1
E4075,T013,16,87,1
E1959,T007,61,3,1
E841,T015,60,80,1
E4421,T005,13,30,0
E3326,T001,30,16,1
E614,T014,85,7,1
E1664,T009,54,68,1
E485,T009,93,84,0
E4820,T012,6,31,0
E1611,T011,8,9,1
E1080,T001,3,18,0
E261,T013,37,2,0
E2306,T007,35,32,0
E1143,T013,95,64,0
E4587,T011,68,34,0
E2633,T007,41,13,1
E059,T015,94,8,1
E1422,T009,57,95,1
E4408,T011,16,11,0
E3619,T007,39,93,0
E3618,T012,15,34,0
E2777,T012,16,56,1
E3148,T015,76,37,1
E1935,T009,57,93,1
E4938,T004,3,19,1
E106,T002,1,9,1
E1069,T009,24,20,0
E2064,T001,65,39,1
E2324,T007,61,53,1
E4911,T009,97,98,1
E2221,T012,34,45,1
E4093,T009,21,20,0
E1341,T003,13,7,0
E831,T010,32,35,0
E2672,T014,34,95,1
E905,T008,90,28,1
E139,T008,2,11,0
E488,T008,4,46,1
E1383,T002,18,24,0
E3372,T003,31,37,0
E2404,T012,15,46,1
E2000,T011,41,97,1
E3990,T003,58,88,1
E2428,T012,17,38,1
E3896,T012,35,17,0
E894,T013,24,30,0
E1520,T002,82,10,1
E1565,T012,63,56,1
E3325,T015,10,7,0
E1065,T010,72,22,1
E4502,T015,27,48,1
E990,T001,43,40,1
E4355,T005,59,6,1
E2354,T005,27,31,0
E1067,T001,89,47,1
E1952,T008,2,32,1
E2719,T003,21,67,1
E2089,T002,3,50,1
E3205,T010,36,27,0
E3805,T012,30,34,0
E4166,T001,9,10,0
E3464,T008,28,85,1
E2027,T009,0,70,1
E2829,T014,17,17,1
E032,T013,52,52,1
E4608,T007,23,32,0
E3488,T007,3,5,0
E456,T004,8,31,0
E224,T007,5,20,0
E4304,T008,11,40,0
E2265,T008,75,65,0
E768,T013,0,40,0
E944,T015,33,24,0
E2602,T014,28,17,0
E4099,T004,66,24,1
E3112,T007,52,69,1
E1792,T011,11,10,0
E2304,T015,30,42,1
E606,T012,80,94,1
E4784,T006,87,55,1
E4521,T014,30,26,0
E1287,T014,35,17,0
E4158,T007,24,18,0
E2638,T012,27,52,1
E1874,T005,79,92,1
E325,T007,16,26,0
E1208,T003,31,0,0
E4051,T013,17,33,1
E3111,T007,67,40,0
E1610,T011,75,60,1
E2403,T007,95,10,1
E2212,T007,76,0,1
E2385,T006,55,48,1
E730,T014,35,12,0
E601,T013,99,1,1
E375,T009,38,24,0
E3690,T010,11,17,0
E1074,T013,30,12,0
E1811,T001,9,20,0
E977,T001,37,26,0
E1787,T014,95,60,1
E1218,T003,24,13,0
E2427,T014,40,39,0
E266,T009,27,3,1
E2100,T008,15,17,1
E1290,T007,10,26,0
E2602,T011,24,2,1
E947,T007,30,15,0
E1939,T002,14,24,0
E3839,T013,54,32,1
E4433,T001,2,33,0
E1203,T005,15,10,0
E2067,T008,93,88,1
E773,T010,35,5,0
E1242,T002,67,24,1
E1741,T010,16,30,0
E1272,T012,25,28,0
E3232,T013,18,26,0
E2060,T008,25,19,0
E2748,T006,12,26,0
E416,T014,16,18,0
E3182,T011,39,18,0
E988,T003,98,65,1
E4605,T012,85,96,1
E4818,T001,26,45,1
E650,T010,42,35,1
E1536,T004,69,4,1
E1057,T006,24,15,0
E3226,T014,32,18,0
E2076,T015,19,17,1
E1038,T001,43,48,1
E106,T007,4,31,0
E486,T008,88,75,1
E2671,T012,40,0,0
E1945,T008,61,36,1
E3340,T007,32,50,1
E753,T008,25,18,0
E3653,T014,25,12,0
E3853,T010,60,29,1
E270,T003,34,32,0
E3498,T013,32,18,0
E3600,T005,84,49,1
E2522,T009,5,58,1
E1358,T008,15,28,0
E4383,T002,7,15,0
E1603,T011,0,32,1
E1741,T012,75,21,1
E4828,T011,34,14,0
E1359,T005,46,75,1
E3356,T015,6,4,0
E2876,T001,31,33,1
E3979,T007,83,43,1
E3221,T013,21,33,0
E3893,T007,53,59,1
E368,T007,61,25,0
E3219,T008,18,9,0
E4258,T011,41,86,1
E293,T014,29,18,0
E1572,T014,31,47,1
E3444,T007,25,20,0
E1077,T007,79,82,1
E4947,T013,97,68,0
E1263,T006,12,8,1
E842,T015,51,58,1
E253,T009,34,37,0
E3263,T004,20,29,0
E795,T007,56,26,1
E4064,T008,3,3,0
E2129,T013,3,19,0
E944,T001,72,83,1
E1485,T012,39,29,0
E067,T001,20,77,1
E1937,T011,67,82,1
E1611,T014,23,1,0
E1325,T012,18,40,0
E2044,T004,64,23,0
E2943,T003,11,36,0
E2113,T010,23,89,1
E1372,T002,32,11,0
E2937,T001,87,54,1
E1487,T003,19,45,1
E2307,T009,26,33,0
E3593,T015,14,34,0
E4248,T008,39,30,0
E1976,T009,55,92,1
E4156,T012,73,45,1
E3188,T005,89,7,1
E371,T008,43,30,1
E3037,T001,37,3,0
E187,T005,58,1,1
E3456,T009,72,4,0
E777,T011,83,96,1
E3364,T015,31,3,0
E1001,T004,25,93,1
E2035,T012,9,31,1
E3239,T007,0,16,0
E1649,T005,6,9,1
E872,T013,0,43,1
E3707,T003,3,60,1
E3816,T001,69,77,1
E3886,T014,66,8,1
E1314,T003,3,0,0
E3396,T012,1,76,1
E3185,T007,95,100,1
E4722,T001,4,32,0
E1965,T005,20,12,1
E1311,T014,35,11,0
E4550,T003,30,9,1
E1001,T014,33,16,0
E3927,T008,34,9,0
E2633,T002,89,5,1
E214,T006,20,50,1
E2507,T001,39,34,0
E3824,T008,3,29,0
E3564,T007,76,99,1
E1458,T014,34,16,0
E2086,T009,9,10,0
E939,T012,3,36,0
E2443,T012,81,91,1
E4718,T008,95,80,1
E3766,T005,26,35,0
E4837,T004,48,13,1
E1878,T007,95,63,1
E1264,T013,7,87,1
E623,T008,15,17,0
E4891,T014,13,17,0
E2993,T009,20,28,0
E2645,T008,0,29,0
E983,T014,13,23,0
E4312,T010,2,31,1
E1054,T006,6,13,0
E2476,T013,8,94,1
E3479,T011,87,5,1
E3827,T010,97,13,1
E4652,T014,8,54,1
E1265,T010,76,94,1
E610,T012,81,86,1
E2098,T001,89,78,0
E3650,T013,1,25,1
E3858,T014,32,19,0
E924,T004,67,3,0
E2070,T010,19,32,0
E544,T015,9,20,0
E2113,T013,38,30,0
E3868,T014,34,31,1
E1230,T007,87,88,1
E3830,T002,48,98,1
E2867,T008,54,93,1
E2785,T015,38,29,0
E1786,T007,32,12,0
E1374,T014,23,19,0
E948,T012,26,98,1
E4766,T002,88,76,1
E482,T002,68,42,1
E1697,T008,1,33,0
E4174,T008,0,55,1
E777,T003,19,7,0
E066,T014,100,69,1
E3051,T005,34,25,0
E011,T007,63,37,1
E2611,T011,99,7,1
E3846,T012,36,30,0
E508,T013,31,36,0
E4343,T009,8,18,0
E1288,T008,75,59,1
E1104,T012,12,16,0
E2249,T009,5,35,0
E1940,T003,88,9,1
E1482,T004,88,48,1
E264,T014,76,45,0
E3877,T007,66,52,1
E371,T012,37,18,0
E609,T013,36,53,1
E369,T008,12,43,1
E796,T013,2,17,0
E2965,T014,82,27,0
E3675,T005,43,6,0
E134,T012,29,38,0
E3284,T003,25,23,0
E3694,T013,83,39,1
E163,T011,35,3,1
E2105,T007,31,10,0
E4789,T001,16,23,1
E4432,T015,89,25,1
E692,T007,92,21,1
E2944,T010,13,72,1
E3709,T010,3,16,0
E2704,T008,6,83,1
E4312,T015,81,33,1
E2305,T008,41,31,1
E1888,T013,25,33,0
E2073,T009,35,0,0
E3558,T004,73,81,1
E3751,T012,37,5,0
E3152,T007,90,68,1
E2432,T009,26,11,0
E2250,T002,64,100,1
E2504,T012,25,7,0
E2034,T014,55,100,1
E3491,T001,55,43,1
E4578,T001,44,18,1
E978,T013,0,20,0
E2919,T015,3,22,0
E2447,T006,70,9,1
E1515,T007,40,19,0
E4488,T008,40,18,0
E528,T013,65,71,0
E894,T007,24,15,0
E2983,T012,23,25,0
E3812,T004,17,51,1
E3500,T012,6,26,0
E4612,T010,86,16,1
E913,T002,67,37,1
E870,T005,47,26,1
E3283,T001,28,13,0
E2168,T013,2,80,1
E1478,T002,21,16,0
E3972,T009,79,95,1
E4354,T014,4,13,0
E3225,T008,17,96,1
E3633,T005,1,28,0
E1684,T012,4,85,1
E3104,T010,2,40,0
E4666,T002,28,21,0
E325,T010,20,43,1
E2838,T010,23,1,0
E1440,T005,30,37,1
E3099,T005,69,35,1
E3642,T004,93,74,1
E488,T012,12,37,0
E1599,T014,95,33,1
E4327,T008,15,30,0
E2425,T007,12,23,0
E1850,T007,5,3,0
E1264,T011,56,100,1
E1620,T014,88,48,1
E3087,T010,32,28,0
E2736,T015,83,90,0
E361,T013,24,36,0
E4654,T003,14,18,0
E3629,T014,13,31,0
E4000,T008,24,90,1
E1581,T014,100,19,1
E3740,T005,70,5,1
E4303,T004,34,24,0
E4422,T007,7,25,0
E1534,T013,76,15,1
E339,T005,71,62,1
E2819,T009,38,63,1
E1309,T006,65,28,1
E966,T008,100,6,1
E102,T014,30,39,0
E3970,T009,79,75,0
E3097,T009,28,19,0
E832,T011,14,22,1
E3159,T007,4,16,0
E1600,T014,26,31,0
E3156,T009,37,24,0
E595,T003,35,45,1
E1236,T010,23,35,0
E2400,T003,97,0,1
E3698,T015,30,25,0
E4398,T013,37,2,0
E3466,T001,11,83,1
E1086,T002,15,6,1
E2972,T007,10,7,0
E1939,T006,67,24,1
E2970,T013,18,36,0
E451,T010,78,39,1
E4993,T008,20,7,0
E3751,T005,5,11,0
E3708,T007,44,30,1
E3378,T002,60,50,1
E2059,T001,92,21,1
E3379,T002,72,95,1
E2968,T006,21,28,0
E4732,T002,93,31,1
E1986,T008,71,76,1
E4193,T009,34,28,1
E149,T003,98,76,1
E2292,T015,8,74,1
E4743,T013,3,10,0
E2695,T001,10,21,0
E2721,T007,14,80,1
E3149,T001,93,45,1
E2931,T006,10,10,0
E273,T015,72,36,1
E2563,T001,30,7,0
E2354,T013,77,90,1
E4190,T002,38,44,1
E4347,T009,82,20,1
E1489,T010,4,26,0
E2895,T005,10,3,0
E499,T005,48,48,1
E3103,T003,39,0,0
E4739,T003,26,32,0
E4211,T009,56,38,1
E4532,T009,33,15,0
E4893,T001,33,23,0
E2800,T003,22,35,0
E4951,T009,80,79,1
E3505,T002,39,35,0
E565,T009,43,27,1
E061,T004,19,21,0
E912,T007,0,22,0
E4652,T013,3,31,0
E3028,T014,3,70,1
E108,T003,34,67,1
E3029,T009,69,30,1
E1457,T001,45,22,1
E3055,T005,29,10,0
E4953,T015,4,26,0
E1033,T008,59,95,1
E2422,T012,65,76,1
E1982,T015,12,34,1
E4022,T010,100,16,1
E3023,T014,52,45,1
E1628,T012,7,0,0
E2198,T007,0,23,1
E2662,T013,27,5,0
E4457,T013,62,93,0
E3238,T012,27,26,0
E1230,T002,38,36,0
E848,T007,35,15,0
E3942,T014,15,16,1
E1827,T012,32,21,1
E1629,T007,31,28,0
E945,T013,2,17,0
E4583,T007,38,47,1
E3902,T005,59,62,1
E1868,T002,34,15,0
E1384,T002,5,29,0
E4311,T008,76,0,1
E3881,T002,81,51,1
E4515,T008,13,30,0
E2599,T005,85,38,1
E3701,T006,39,22,0
E3569,T013,18,33,0
E1846,T007,34,15,0
E2454,T010,18,40,0
E4268,T008,5,15,0
E432,T007,50,52,0
E493,T002,43,89,1
E3939,T010,28,5,0
E239,T001,76,47,1
E1187,T013,19,23,0
E1331,T002,30,88,1
E4362,T011,51,55,1
E290,T015,90,24,0
E4915,T013,27,25,0
E3197,T006,13,34,1
E4551,T009,9,15,0
E4919,T013,15,6,0
E2415,T012,35,40,0
E565,T004,13,23,0
E481,T007,32,23,0
E741,T010,85,11,1
E1604,T014,54,27,1
E4631,T001,36,12,0
E4879,T013,85,24,1
E2752,T009,29,14,0
E1201,T002,48,42,1
E239,T008,39,15,0
E121,T008,58,74,1
E2449,T005,48,25,1
E2751,T014,1,9,0
E4607,T007,60,8,1
E2331,T015,3,17,0
E2378,T013,1,2,0
E1537,T008,89,25,1
E1199,T002,98,86,1
E3452,T012,100,82,1
E1057,T013,22,52,1
E2483,T007,74,34,1
E3427,T009,36,84,1
E800,T006,56,1,0
E109,T015,13,31,0
E4942,T008,12,13,0
E3889,T004,35,23,0
E4381,T007,3,27,0
E4980,T007,21,6,0
E928,T005,40,39,1
E3013,T006,31,39,0
E3702,T002,10,12,0
E193,T013,23,4,0
E1881,T014,35,6,0
E3674,T015,2,55,1
E1838,T011,11,21,0
E2081,T004,10,20,0
E3215,T014,3,32,0
E2434,T007,38,36,0
E498,T012,37,21,1
E833,T014,19,31,1
E2163,T010,16,15,0
E4691,T006,7,23,0
E1304,T013,99,99,1
E4014,T004,1,14,0
E3222,T009,30,6,0
E917,T008,25,21,0
E1664,T012,29,99,1
E2706,T005,84,19,1
E2819,T007,15,36,0
E4199,T011,63,44,0
E2849,T014,72,69,1
E1186,T007,31,40,0
E3062,T004,20,8,0
E322,T001,85,1,1
E2045,T013,54,6,1
E3698,T009,9,23,0
E4887,T005,93,66,1
E1116,T002,0,52,1
E1456,T014,43,76,1
E979,T006,38,64,0
E4553,T005,7,18,0
E1778,T007,10,0,0
E2922,T008,21,13,0
E832,T014,1,89,0
E3295,T006,69,100,0
E4207,T007,31,81,1
E157,T010,34,6,0
E4464,T014,33,40,0
E4746,T008,77,32,1
E2975,T003,97,18,1
E1693,T013,54,8,1
E2260,T013,39,16,1
E963,T010,17,40,0
E2803,T012,36,14,0
E054,T005,92,76,1
E2191,T012,40,10,1
E532,T012,2,5,0
E4042,T001,36,19,0
E2561,T001,18,34,1
E4014,T012,50,68,1
E4802,T014,34,89,0
E2616,T002,31,16,0
E4691,T010,19,81,1
E018,T012,28,29,0
E1044,T010,67,93,1
E129,T008,35,17,0
E056,T014,27,14,0
E2374,T007,3,32,0
E2262,T004,32,38,0
E943,T012,6,18,0
E513,T005,58,91,1
E3556,T002,22,33,0
E3488,T013,7,1,0
E726,T014,8,17,0
E1657,T002,45,39,1
E2433,T008,77,85,1
E4696,T013,73,93,0
E2560,T005,17,40,0
E2299,T011,7,1,0
E880,T010,31,25,0
E109,T014,21,38,0
E1213,T002,80,91,1
E2481,T014,32,1,0
E2983,T010,17,30,0
E3257,T007,18,32,0
E1978,T009,24,14,1
E2924,T010,24,12,0
E4110,T009,26,17,0
E461,T002,1,28,0
E550,T011,37,55,0
E2749,T012,22,38,0
E913,T008,34,29,0
E228,T003,58,62,1
E2314,T001,4,28,0
E200,T011,28,26,0
E4047,T003,11,0,0
E501,T001,35,24,1
E3918,T005,39,98,1
E3781,T010,95,50,1
E1834,T014,27,40,1
E1232,T002,36,15,0
