emp_id,no_of_projects,manager_rating,promotion
E001,28,5,0
E002,20,5,0
E003,2,2,0
E004,8,1,1
E005,9,5,0
E006,10,2,1
E007,4,1,1
E008,28,3,1
E009,2,4,1
E010,29,4,1
E011,24,2,0
E012,14,4,0
E013,27,2,0
E014,30,5,0
E015,29,5,0
E016,12,5,1
E017,7,5,0
E018,7,5,0
E019,20,2,1
E020,20,5,0
E021,23,5,1
E022,21,2,0
E023,30,4,1
E024,15,2,1
E025,23,2,1
E026,23,4,1
E027,28,5,0
E028,21,2,0
E029,4,2,1
E030,30,3,1
E031,22,3,1
E032,24,3,0
E033,28,4,1
E034,18,3,1
E035,1,3,1
E036,1,3,0
E037,12,1,0
E038,6,1,0
E039,30,4,0
E040,5,4,0
E041,18,3,0
E042,24,5,0
E043,23,4,0
E044,24,3,0
E045,16,1,1
E046,24,4,0
E047,14,3,0
E048,6,2,0
E049,13,2,0
E050,10,4,1
E051,13,1,1
E052,14,2,0
E053,19,1,1
E054,15,2,0
E055,15,1,0
E056,11,4,0
E057,29,1,1
E058,8,5,1
E059,18,1,1
E060,21,2,1
E061,19,5,0
E062,20,1,1
E063,9,1,0
E064,15,5,1
E065,17,2,1
E066,24,2,1
E067,6,3,0
E068,2,1,0
E069,5,1,0
E070,13,5,1
E071,3,1,1
E072,29,5,0
E073,5,2,0
E074,9,4,0
E075,26,4,0
E076,23,3,1
E077,21,5,0
E078,10,3,1
E079,7,2,1
E080,1,4,1
E081,4,5,1
E082,20,3,1
E083,5,3,0
E084,2,5,0
E085,8,2,0
E086,9,5,1
E087,17,4,0
E088,11,4,1
E089,16,2,1
E090,26,2,1
E091,27,2,1
E092,13,3,0
E093,26,4,1
E094,14,3,1
E095,27,2,0
E096,13,1,0
E097,16,4,0
E098,24,2,1
E099,11,2,0
E100,21,2,0
E1000,8,1,1
E1001,4,1,1
E1002,21,2,1
E1003,18,5,1
E1004,11,5,0
E1005,18,3,1
E1006,4,2,0
E1007,21,3,0
E1008,29,1,1
E1009,25,1,0
E101,1,5,1
E1010,20,5,0
E1011,2,4,0
E1012,18,3,1
E1013,12,2,1
E1014,4,2,0
E1015,2,3,1
E1016,6,1,1
E1017,20,4,0
E1018,18,3,0
E1019,25,2,1
E102,10,4,1
E1020,9,5,0
E1021,25,1,1
E1022,26,4,1
E1023,10,2,0
E1024,11,1,1
E1025,10,4,1
E1026,25,2,0
E1027,19,2,0
E1028,25,3,0
E1029,7,3,1
E103,13,5,1
E1030,7,1,1
E1031,1,2,0
E1032,17,1,0
E1033,23,1,0
E1034,19,4,1
E1035,21,4,1
E1036,23,4,1
E1037,24,4,0
E1038,16,2,0
E1039,8,5,0
E104,10,3,1
E1040,5,2,1
E1041,4,4,1
E1042,13,2,1
E1043,4,3,1
E1044,18,2,0
E1045,6,5,1
E1046,3,3,1
E1047,29,3,0
E1048,13,1,0
E1049,7,4,0
E105,14,2,0
E1050,25,5,0
E1051,8,5,1
E1052,23,2,0
E1053,9,2,1
E1054,17,1,0
E1055,12,1,0
E1056,18,2,0
E1057,27,4,0
E1058,30,5,1
E1059,27,5,0
E106,1,3,1
E1060,7,5,0
E1061,23,1,0
E1062,4,3,0
E1063,26,1,1
E1064,8,1,0
E1065,27,1,0
E1066,17,1,1
E1067,6,2,1
E1068,14,1,0
E1069,16,2,1
E107,24,3,0
E1070,16,4,0
E1071,2,5,0
E1072,26,1,1
E1073,30,4,0
E1074,24,2,1
E1075,27,2,1
E1076,21,2,1
E1077,11,1,0
E1078,11,5,1
E1079,26,5,0
E108,19,1,0
E1080,7,4,0
E1081,19,4,0
E1082,15,2,0
E1083,4,1,1
E1084,26,4,0
E1085,11,2,0
E1086,19,5,1
E1087,12,3,0
E1088,27,3,1
E1089,26,5,0
E109,16,4,0
E1090,12,2,1
E1091,23,1,0
E1092,8,2,1
E1093,5,3,0
E1094,16,3,0
E1095,21,4,0
E1096,10,4,0
E1097,26,2,0
E1098,25,2,1
E1099,10,4,0
E110,21,5,1
E1100,28,2,1
E1101,1,5,1
E1102,15,1,0
E1103,15,3,1
E1104,23,3,1
E1105,6,2,1
E1106,6,1,0
E1107,19,5,1
E1108,27,5,0
E1109,12,4,1
E111,22,5,1
E1110,4,1,0
E1111,30,4,0
E1112,13,1,1
E1113,5,1,1
E1114,7,3,1
E1115,29,3,0
E1116,16,2,0
E1117,11,3,0
E1118,30,4,1
E1119,27,4,1
E112,8,2,1
E1120,7,1,0
E1121,6,4,1
E1122,4,5,0
E1123,12,2,1
E1124,12,3,1
E1125,10,3,0
E1126,13,5,0
E1127,18,1,1
E1128,1,2,1
E1129,1,1,0
E113,27,5,1
E1130,23,1,0
E1131,19,2,1
E1132,11,5,0
E1133,22,5,0
E1134,17,2,1
E1135,9,3,1
E1136,29,5,1
E1137,3,3,1
E1138,12,2,1
E1139,24,4,0
E114,26,4,0
E1140,23,4,1
E1141,8,4,1
E1142,20,1,0
E1143,8,2,1
E1144,5,2,1
E1145,12,2,1
E1146,17,4,0
E1147,6,3,1
E1148,29,3,0
E1149,10,5,0
E115,1,2,1
E1150,30,2,1
E1151,23,2,0
E1152,11,1,0
E1153,22,2,0
E1154,10,4,1
E1155,4,5,0
E1156,7,5,0
E1157,24,3,1
E1158,30,3,1
E1159,29,3,1
E116,21,5,1
E1160,14,4,0
E1161,20,2,1
E1162,1,5,1
E1163,14,3,0
E1164,9,1,1
E1165,8,5,0
E1166,22,5,1
E1167,3,5,0
E1168,12,2,0
E1169,22,5,0
E117,7,5,1
E1170,10,2,1
E1171,19,1,1
E1172,4,3,1
E1173,4,4,1
E1174,10,4,0
E1175,4,5,1
E1176,4,3,0
E1177,11,5,1
E1178,7,2,1
E1179,8,1,1
E118,6,5,1
E1180,27,3,0
E1181,22,2,0
E1182,18,2,0
E1183,24,1,1
E1184,22,2,0
E1185,10,2,0
E1186,26,2,0
E1187,20,2,0
E1188,5,2,0
E1189,28,2,0
E119,7,4,0
E1190,13,4,0
E1191,2,5,0
E1192,13,1,0
E1193,10,3,1
E1194,29,1,0
E1195,25,1,1
E1196,1,2,1
E1197,28,1,1
E1198,20,2,1
E1199,6,4,1
E120,7,2,1
E1200,16,4,1
E1201,14,3,0
E1202,5,4,1
E1203,16,1,1
E1204,23,4,0
E1205,17,5,0
E1206,14,2,1
E1207,24,3,0
E1208,23,1,1
E1209,30,3,1
E121,10,2,0
E1210,19,5,0
E1211,3,5,1
E1212,11,5,0
E1213,4,2,0
E1214,26,1,1
E1215,19,4,1
E1216,4,2,0
E1217,17,3,0
E1218,15,1,0
E1219,28,2,0
E122,6,2,0
E1220,9,2,0
E1221,30,1,1
E1222,24,4,1
E1223,3,4,0
E1224,16,2,1
E1225,20,4,0
E1226,23,1,0
E1227,9,5,0
E1228,24,2,0
E1229,13,2,0
E123,14,1,0
E1230,9,5,1
E1231,5,4,1
E1232,13,1,0
E1233,26,1,1
E1234,24,3,0
E1235,9,4,1
E1236,19,3,0
E1237,19,5,0
E1238,14,5,0
E1239,12,1,1
E124,8,1,0
E1240,5,3,1
E1241,16,3,0
E1242,3,4,1
E1243,24,3,1
E1244,6,3,0
E1245,17,2,0
E1246,18,4,0
E1247,3,2,1
E1248,15,2,1
E1249,5,4,0
E125,11,2,0
E1250,12,2,1
E1251,30,3,1
E1252,21,2,0
E1253,30,3,1
E1254,20,3,1
E1255,22,5,0
E1256,7,2,0
E1257,26,2,0
E1258,4,2,1
E1259,11,5,0
E126,3,5,0
E1260,14,1,0
E1261,17,1,0
E1262,15,1,0
E1263,3,2,0
E1264,29,2,0
E1265,17,2,1
E1266,15,5,0
E1267,25,1,1
E1268,1,5,1
E1269,27,4,1
E127,10,2,1
E1270,11,5,0
E1271,8,1,1
E1272,14,3,0
E1273,17,5,0
E1274,27,4,1
E1275,29,2,0
E1276,1,4,0
E1277,23,2,0
E1278,11,2,0
E1279,24,3,1
E128,19,2,1
E1280,20,5,0
E1281,14,1,0
E1282,11,5,0
E1283,22,2,1
E1284,20,2,1
E1285,10,3,1
E1286,5,1,1
E1287,21,4,1
E1288,14,5,1
E1289,7,4,1
E129,6,2,1
E1290,6,2,1
E1291,7,5,1
E1292,19,2,0
E1293,29,4,1
E1294,14,1,0
E1295,28,1,0
E1296,1,2,0
E1297,14,3,1
E1298,27,4,1
E1299,1,5,1
E130,17,5,1
E1300,10,2,1
E1301,8,1,0
E1302,5,1,1
E1303,14,1,1
E1304,6,5,1
E1305,8,5,1
E1306,20,2,1
E1307,2,4,1
E1308,30,4,0
E1309,20,5,1
E131,21,5,1
E1310,17,2,1
E1311,15,1,1
E1312,24,5,0
E1313,12,2,1
E1314,11,4,1
E1315,18,5,1
E1316,12,1,1
E1317,10,3,0
E1318,30,2,0
E1319,19,4,1
E132,18,2,0
E1320,11,2,0
E1321,1,1,1
E1322,20,1,1
E1323,4,2,1
E1324,22,4,1
E1325,17,2,0
E1326,9,3,1
E1327,8,4,0
E1328,28,3,0
E1329,18,4,0
E133,4,2,1
E1330,20,2,0
E1331,1,3,1
E1332,14,3,1
E1333,22,4,1
E1334,5,1,1
E1335,12,5,1
E1336,1,3,1
E1337,1,2,0
E1338,12,3,1
E1339,4,3,0
E134,27,2,1
E1340,11,3,0
E1341,20,1,1
E1342,5,3,1
E1343,24,3,1
E1344,24,2,0
E1345,25,5,1
E1346,18,1,1
E1347,3,1,1
E1348,7,1,1
E1349,18,4,0
E135,12,2,0
E1350,15,5,0
E1351,14,3,0
E1352,19,1,0
E1353,15,3,1
E1354,22,1,0
E1355,3,2,1
E1356,28,4,0
E1357,26,2,1
E1358,18,1,1
E1359,17,4,0
E136,7,2,1
E1360,23,2,0
E1361,1,3,1
E1362,8,3,0
E1363,10,2,1
E1364,19,2,1
E1365,30,2,0
E1366,2,1,1
E1367,9,5,0
E1368,29,3,1
E1369,16,4,0
E137,30,4,1
E1370,8,2,0
E1371,6,2,1
E1372,19,3,1
E1373,21,3,1
E1374,20,1,0
E1375,7,4,1
E1376,13,5,1
E1377,24,3,0
E1378,16,2,0
E1379,14,4,0
E138,4,2,0
E1380,1,2,1
E1381,6,1,1
E1382,20,1,1
E1383,11,2,1
E1384,21,1,1
E1385,27,2,0
E1386,2,4,0
E1387,5,3,0
E1388,8,2,1
E1389,13,4,0
E139,18,3,1
E1390,6,5,0
E1391,29,2,0
E1392,21,4,0
E1393,15,1,1
E1394,13,1,0
E1395,15,2,0
E1396,25,4,1
E1397,29,5,0
E1398,27,1,0
E1399,25,1,1
E140,26,1,1
E1400,15,4,1
E1401,4,4,0
E1402,18,4,1
E1403,5,2,0
E1404,26,4,1
E1405,25,2,1
E1406,19,1,0
E1407,16,1,0
E1408,25,2,1
E1409,4,2,0
E141,13,2,1
E1410,25,3,1
E1411,12,2,0
E1412,20,5,1
E1413,25,4,1
E1414,23,3,1
E1415,20,2,1
E1416,20,2,0
E1417,10,2,1
E1418,5,2,1
E1419,12,3,1
E142,13,2,1
E1420,11,3,1
E1421,18,1,0
E1422,7,3,1
E1423,23,4,0
E1424,12,4,1
E1425,3,2,0
E1426,7,5,1
E1427,25,4,0
E1428,25,3,0
E1429,11,1,1
E143,3,3,1
E1430,6,2,1
E1431,23,2,0
E1432,16,3,0
E1433,6,2,0
E1434,25,4,0
E1435,8,1,1
E1436,25,4,1
E1437,1,3,0
E1438,4,4,0
E1439,26,5,1
E144,25,3,1
E1440,15,3,1
E1441,17,2,0
E1442,29,2,0
E1443,27,2,0
E1444,14,2,0
E1445,22,5,0
E1446,9,5,1
E1447,29,2,1
E1448,27,1,0
E1449,28,2,1
E145,3,5,0
E1450,29,5,1
E1451,16,2,0
E1452,30,4,0
E1453,7,2,0
E1454,6,3,0
E1455,18,3,0
E1456,16,4,0
E1457,22,1,1
E1458,9,5,0
E1459,26,2,0
E146,9,1,0
E1460,21,1,0
E1461,24,2,1
E1462,11,5,0
E1463,1,4,0
E1464,2,5,0
E1465,13,1,1
E1466,21,2,1
E1467,7,2,0
E1468,28,5,1
E1469,23,2,1
E147,13,3,1
E1470,10,3,1
E1471,2,2,0
E1472,8,5,0
E1473,24,2,1
E1474,30,3,1
E1475,18,2,1
E1476,5,3,0
E1477,18,3,1
E1478,26,1,0
E1479,17,4,1
E148,23,1,0
E1480,24,2,1
E1481,24,1,0
E1482,8,3,1
E1483,17,4,0
E1484,18,3,0
E1485,5,2,1
E1486,14,2,0
E1487,11,1,0
E1488,1,1,0
E1489,22,3,0
E149,29,1,0
E1490,7,2,0
E1491,7,1,0
E1492,13,2,0
E1493,18,2,1
E1494,2,1,1
E1495,28,3,1
E1496,15,5,1
E1497,29,3,0
E1498,6,5,0
E1499,7,3,1
E150,8,2,0
E1500,16,3,1
E1501,28,1,1
E1502,10,4,0
E1503,26,5,1
E1504,30,1,1
E1505,17,5,0
E1506,28,3,1
E1507,4,3,1
E1508,15,1,1
E1509,26,3,1
E151,16,1,0
E1510,12,1,0
E1511,27,2,1
E1512,27,2,0
E1513,12,1,1
E1514,26,2,1
E1515,4,2,0
E1516,1,2,0
E1517,6,3,1
E1518,21,1,0
E1519,12,3,1
E152,4,1,1
E1520,20,1,0
E1521,1,3,1
E1522,29,1,0
E1523,29,5,0
E1524,6,1,0
E1525,14,5,0
E1526,28,4,1
E1527,17,4,0
E1528,16,5,0
E1529,18,2,1
E153,30,1,1
E1530,22,3,1
E1531,30,1,1
E1532,12,2,1
E1533,21,4,0
E1534,3,5,0
E1535,15,1,0
E1536,18,5,0
E1537,19,4,0
E1538,10,5,0
E1539,2,3,1
E154,20,1,0
E1540,21,4,0
E1541,23,1,1
E1542,28,5,1
E1543,20,5,0
E1544,3,1,0
E1545,8,1,0
E1546,11,2,1
E1547,9,2,0
E1548,16,1,1
E1549,7,4,1
E155,17,3,0
E1550,1,5,0
E1551,19,5,1
E1552,23,4,1
E1553,27,2,0
E1554,26,5,0
E1555,28,2,1
E1556,4,4,0
E1557,2,5,0
E1558,30,3,0
E1559,5,2,1
E156,23,1,1
E1560,29,1,1
E1561,17,2,1
E1562,7,2,1
E1563,28,1,1
E1564,28,5,1
E1565,25,2,0
E1566,17,1,0
E1567,22,2,1
E1568,9,4,1
E1569,9,1,1
E157,26,4,0
E1570,11,3,1
E1571,16,2,0
E1572,25,4,0
E1573,18,5,0
E1574,8,4,0
E1575,23,4,1
E1576,19,4,1
E1577,2,2,0
E1578,15,3,1
E1579,30,2,0
E158,22,2,0
E1580,19,4,0
E1581,15,4,0
E1582,19,2,1
E1583,23,4,1
E1584,10,1,1
E1585,19,4,0
E1586,4,3,0
E1587,4,4,0
E1588,24,4,0
E1589,14,5,1
E159,5,1,1
E1590,8,2,1
E1591,3,3,0
E1592,25,2,1
E1593,13,3,1
E1594,23,3,0
E1595,14,2,0
E1596,21,3,0
E1597,1,5,0
E1598,17,5,0
E1599,2,5,1
E160,23,3,1
E1600,2,1,0
E1601,18,4,0
E1602,16,5,1
E1603,17,4,0
E1604,4,4,1
E1605,24,1,0
E1606,18,3,0
E1607,8,3,0
E1608,26,2,1
E1609,8,4,0
E161,13,4,0
E1610,26,1,1
E1611,19,5,0
E1612,3,4,1
E1613,4,1,0
E1614,9,2,0
E1615,9,2,1
E1616,2,1,1
E1617,1,3,1
E1618,26,4,1
E1619,16,5,1
E162,3,3,1
E1620,9,3,1
E1621,22,4,0
E1622,18,4,0
E1623,11,5,1
E1624,28,3,1
E1625,24,4,1
E1626,5,1,1
E1627,11,2,0
E1628,30,2,1
E1629,18,1,1
E163,19,5,0
E1630,5,3,1
E1631,17,1,0
E1632,3,5,1
E1633,2,2,1
E1634,13,5,1
E1635,15,4,1
E1636,4,1,1
E1637,17,1,1
E1638,5,3,0
E1639,8,5,0
E164,19,2,0
E1640,17,5,1
E1641,1,2,0
E1642,22,5,0
E1643,8,1,1
E1644,25,2,1
E1645,29,5,1
E1646,4,3,0
E1647,4,2,1
E1648,10,4,1
E1649,2,5,1
E165,3,2,0
E1650,6,3,0
E1651,24,2,0
E1652,19,5,0
E1653,5,2,1
E1654,2,1,1
E1655,9,2,0
E1656,9,2,1
E1657,12,5,0
E1658,16,3,0
E1659,20,2,1
E166,25,4,1
E1660,7,3,0
E1661,4,2,0
E1662,5,2,1
E1663,3,2,0
E1664,13,5,0
E1665,14,3,1
E1666,22,4,0
E1667,28,3,0
E1668,14,1,1
E1669,23,4,1
E167,24,3,1
E1670,21,2,1
E1671,26,4,1
E1672,27,5,0
E1673,27,3,1
E1674,3,4,0
E1675,4,5,0
E1676,11,2,1
E1677,10,1,0
E1678,17,3,1
E1679,23,1,1
E168,7,2,0
E1680,29,4,0
E1681,6,3,1
E1682,26,4,1
E1683,2,1,0
E1684,12,1,0
E1685,8,5,1
E1686,15,1,0
E1687,20,1,0
E1688,23,4,0
E1689,9,2,1
E169,15,1,0
E1690,22,4,0
E1691,30,4,1
E1692,26,4,0
E1693,11,5,1
E1694,14,2,0
E1695,26,2,0
E1696,19,1,0
E1697,18,3,1
E1698,22,3,0
E1699,14,2,1
E170,9,3,0
E1700,9,2,1
E1701,30,2,0
E1702,13,4,1
E1703,3,1,1
E1704,24,1,0
E1705,11,3,0
E1706,9,2,1
E1707,25,3,0
E1708,17,5,1
E1709,5,2,1
E171,18,4,1
E1710,20,1,0
E1711,11,5,1
E1712,28,5,0
E1713,30,3,1
E1714,27,3,0
E1715,29,4,1
E1716,4,3,0
E1717,15,1,1
E1718,16,1,0
E1719,20,4,0
E172,16,3,0
E1720,21,3,1
E1721,20,1,1
E1722,28,4,0
E1723,2,2,0
E1724,8,1,0
E1725,21,2,1
E1726,3,5,0
E1727,8,4,1
E1728,27,5,0
E1729,16,5,1
E173,13,1,1
E1730,27,4,0
E1731,23,1,0
E1732,27,5,0
E1733,16,2,1
E1734,28,5,0
E1735,27,1,1
E1736,18,2,1
E1737,6,3,1
E1738,19,4,1
E1739,27,3,0
E174,14,5,0
E1740,22,2,0
E1741,21,1,0
E1742,2,2,0
E1743,20,1,0
E1744,1,3,1
E1745,1,5,1
E1746,29,2,0
E1747,13,3,1
E1748,30,3,0
E1749,6,2,1
E175,17,4,1
E1750,27,3,1
E1751,7,1,1
E1752,19,4,0
E1753,16,4,0
E1754,10,3,1
E1755,17,2,0
E1756,2,3,0
E1757,21,2,1
E1758,14,2,0
E1759,20,5,1
E176,23,5,1
E1760,23,2,0
E1761,9,5,0
E1762,25,2,0
E1763,12,4,1
E1764,10,4,1
E1765,14,3,0
E1766,16,1,1
E1767,16,1,0
E1768,13,2,1
E1769,19,5,0
E177,9,2,1
E1770,10,4,0
E1771,18,3,1
E1772,10,5,0
E1773,26,3,0
E1774,23,1,1
E1775,30,2,1
E1776,13,2,0
E1777,4,5,1
E1778,4,3,0
E1779,12,2,1
E178,29,1,1
E1780,21,3,0
E1781,2,3,0
E1782,23,5,1
E1783,16,2,1
E1784,30,2,1
E1785,17,2,0
E1786,12,5,0
E1787,13,3,0
E1788,17,2,0
E1789,12,4,0
E179,26,1,0
E1790,13,2,0
E1791,3,5,1
E1792,14,1,1
E1793,12,5,0
E1794,4,3,1
E1795,25,5,1
E1796,25,4,0
E1797,6,4,0
E1798,6,5,0
E1799,25,2,1
E180,6,2,0
E1800,18,2,1
E1801,18,2,1
E1802,22,2,0
E1803,24,2,1
E1804,9,2,0
E1805,25,2,0
E1806,20,4,1
E1807,23,2,1
E1808,13,2,1
E1809,5,5,0
E181,6,2,1
E1810,4,2,1
E1811,25,3,0
E1812,23,5,0
E1813,29,2,1
E1814,16,3,0
E1815,13,4,0
E1816,12,5,0
E1817,12,5,0
E1818,7,2,1
E1819,18,2,1
E182,12,3,0
E1820,9,4,1
E1821,26,5,0
E1822,2,1,1
E1823,24,5,0
E1824,23,4,0
E1825,3,4,1
E1826,17,1,1
E1827,13,5,0
E1828,1,2,1
E1829,22,5,0
E183,3,5,0
E1830,28,2,0
E1831,21,2,0
E1832,5,2,1
E1833,30,2,0
E1834,29,2,1
E1835,12,5,0
E1836,10,2,1
E1837,26,1,1
E1838,26,5,0
E1839,29,2,0
E184,5,1,0
E1840,1,2,0
E1841,1,3,0
E1842,22,4,0
E1843,21,4,1
E1844,22,2,1
E1845,1,4,1
E1846,27,1,1
E1847,24,3,0
E1848,23,2,0
E1849,25,2,1
E185,5,5,1
E1850,14,5,1
E1851,4,4,1
E1852,23,5,0
E1853,14,3,0
E1854,14,4,1
E1855,12,4,1
E1856,9,1,0
E1857,8,5,1
E1858,21,2,1
E1859,12,2,1
E186,6,4,0
E1860,10,4,1
E1861,3,5,1
E1862,26,3,1
E1863,2,2,0
E1864,17,1,0
E1865,10,2,0
E1866,20,5,1
E1867,2,3,1
E1868,19,2,0
E1869,23,2,0
E187,4,3,1
E1870,25,3,0
E1871,1,3,1
E1872,10,2,0
E1873,28,2,0
E1874,30,4,0
E1875,26,1,1
E1876,5,4,1
E1877,27,3,0
E1878,13,2,0
E1879,21,2,0
E188,20,4,1
E1880,19,2,0
E1881,12,3,1
E1882,2,4,0
E1883,19,4,1
E1884,23,2,1
E1885,27,2,1
E1886,30,1,0
E1887,30,3,0
E1888,9,2,1
E1889,30,1,0
E189,25,1,1
E1890,29,3,1
E1891,29,2,1
E1892,6,1,0
E1893,28,2,0
E1894,27,5,1
E1895,14,1,0
E1896,7,1,1
E1897,25,2,1
E1898,25,4,1
E1899,15,2,1
E190,24,2,1
E1900,24,5,1
E1901,8,4,1
E1902,18,5,1
E1903,28,1,1
E1904,10,3,0
E1905,28,1,0
E1906,16,4,1
E1907,19,1,1
E1908,18,2,1
E1909,2,2,1
E191,1,5,0
E1910,18,2,1
E1911,3,1,1
E1912,12,4,1
E1913,27,1,1
E1914,18,4,0
E1915,20,2,0
E1916,22,4,0
E1917,5,4,0
E1918,12,3,1
E1919,14,2,0
E192,1,4,1
E1920,12,2,1
E1921,24,2,0
E1922,12,3,1
E1923,19,3,0
E1924,9,2,1
E1925,2,5,1
E1926,4,5,1
E1927,3,5,1
E1928,9,4,0
E1929,7,5,0
E193,1,3,0
E1930,25,4,0
E1931,22,2,1
E1932,21,2,1
E1933,28,1,1
E1934,15,1,1
E1935,6,5,0
E1936,21,4,1
E1937,15,5,0
E1938,29,1,0
E1939,19,1,1
E194,4,2,0
E1940,22,2,0
E1941,3,4,1
E1942,21,4,1
E1943,18,5,0
E1944,30,4,1
E1945,18,1,1
E1946,12,1,0
E1947,20,2,1
E1948,17,3,0
E1949,8,1,0
E195,15,4,1
E1950,6,3,0
E1951,10,1,0
E1952,16,2,1
E1953,20,5,0
E1954,17,5,1
E1955,17,4,0
E1956,8,4,0
E1957,21,2,1
E1958,21,3,1
E1959,25,5,0
E196,14,4,0
E1960,24,1,0
E1961,6,2,1
E1962,7,5,0
E1963,2,2,1
E1964,11,1,1
E1965,30,4,1
E1966,25,5,1
E1967,10,1,1
E1968,16,3,0
E1969,5,2,0
E197,12,2,0
E1970,9,2,1
E1971,6,5,1
E1972,4,3,0
E1973,27,1,0
E1974,17,2,1
E1975,7,2,0
E1976,9,1,1
E1977,9,2,0
E1978,6,4,1
E1979,27,2,1
E198,8,1,0
E1980,11,3,0
E1981,5,2,0
E1982,27,1,1
E1983,18,2,1
E1984,6,1,1
E1985,18,1,1
E1986,12,3,0
E1987,1,4,1
E1988,21,4,1
E1989,19,1,0
E199,12,1,1
E1990,15,1,0
E1991,17,4,1
E1992,13,2,0
E1993,21,2,0
E1994,16,3,1
E1995,3,2,1
E1996,5,2,0
E1997,5,2,0
E1998,3,2,0
E1999,30,4,0
E200,22,3,0
E2000,30,1,0
E2001,2,5,0
E2002,5,1,0
E2003,26,4,0
E2004,10,3,1
E2005,4,1,1
E2006,15,5,0
E2007,19,3,1
E2008,26,5,0
E2009,28,2,0
E201,10,2,0
E2010,8,4,1
E2011,5,2,0
E2012,5,3,0
E2013,1,3,0
E2014,16,3,1
E2015,17,1,1
E2016,14,3,0
E2017,29,5,1
E2018,12,5,1
E2019,1,3,1
E202,2,3,1
E2020,24,5,1
E2021,19,2,1
E2022,21,2,0
E2023,20,3,1
E2024,27,1,0
E2025,2,2,1
E2026,3,4,0
E2027,27,2,1
E2028,6,3,1
E2029,9,4,1
E203,13,3,0
E2030,6,3,0
E2031,6,5,0
E2032,1,2,0
E2033,11,5,1
E2034,22,5,0
E2035,28,2,0
E2036,30,1,0
E2037,4,2,0
E2038,2,2,0
E2039,23,4,1
E204,30,4,1
E2040,26,5,0
E2041,4,2,0
E2042,4,4,0
E2043,5,3,0
E2044,18,5,1
E2045,6,4,1
E2046,25,3,0
E2047,23,2,0
E2048,10,5,0
E2049,14,2,1
E205,4,1,1
E2050,26,4,0
E2051,2,4,1
E2052,28,4,0
E2053,10,5,0
E2054,2,2,0
E2055,14,1,1
E2056,24,5,0
E2057,9,1,0
E2058,13,5,1
E2059,24,3,1
E206,8,4,1
E2060,20,2,1
E2061,29,4,0
E2062,14,5,1
E2063,13,2,0
E2064,26,3,1
E2065,14,1,1
E2066,9,2,1
E2067,10,2,1
E2068,21,5,1
E2069,12,2,1
E207,29,3,1
E2070,16,1,1
E2071,29,4,0
E2072,14,2,1
E2073,16,4,1
E2074,22,3,1
E2075,9,3,1
E2076,15,2,0
E2077,20,5,0
E2078,16,2,0
E2079,9,2,0
E208,3,2,0
E2080,23,2,0
E2081,18,5,1
E2082,25,1,1
E2083,8,3,0
E2084,1,2,0
E2085,22,2,0
E2086,12,1,0
E2087,14,5,0
E2088,8,2,1
E2089,7,3,0
E209,25,1,1
E2090,1,3,1
E2091,5,5,0
E2092,24,4,0
E2093,18,2,0
E2094,28,1,1
E2095,14,1,0
E2096,14,4,1
E2097,7,4,1
E2098,2,3,0
E2099,25,5,1
E210,12,2,0
E2100,27,2,0
E2101,8,5,0
E2102,29,3,0
E2103,15,2,0
E2104,24,2,1
E2105,30,5,0
E2106,30,2,1
E2107,21,3,0
E2108,16,4,1
E2109,4,4,1
E211,6,5,0
E2110,28,1,0
E2111,6,3,0
E2112,2,4,1
E2113,1,1,1
E2114,26,1,0
E2115,4,1,0
E2116,29,1,0
E2117,12,3,0
E2118,12,3,0
E2119,18,1,0
E212,15,2,0
E2120,19,5,1
E2121,29,5,1
E2122,6,2,1
E2123,1,2,0
E2124,17,4,1
E2125,21,2,1
E2126,3,5,0
E2127,16,2,0
E2128,12,2,0
E2129,5,2,1
E213,1,3,1
E2130,27,4,1
E2131,25,1,1
E2132,29,3,0
E2133,25,2,1
E2134,9,3,0
E2135,27,2,0
E2136,12,1,1
E2137,2,3,1
E2138,26,3,0
E2139,2,1,0
E214,30,4,0
E2140,26,3,0
E2141,25,4,0
E2142,10,3,0
E2143,10,3,1
E2144,12,3,0
E2145,26,1,0
E2146,23,4,1
E2147,15,1,1
E2148,8,1,1
E2149,22,4,1
E215,26,1,1
E2150,1,5,0
E2151,14,3,0
E2152,5,3,1
E2153,27,5,1
E2154,21,1,0
E2155,26,1,1
E2156,25,4,0
E2157,6,4,1
E2158,20,4,1
E2159,1,2,1
E216,10,2,0
E2160,23,1,1
E2161,14,4,1
E2162,24,4,0
E2163,3,5,0
E2164,5,2,0
E2165,11,3,1
E2166,22,5,0
E2167,11,1,1
E2168,15,4,1
E2169,10,3,0
E217,11,2,1
E2170,16,3,0
E2171,20,1,1
E2172,9,4,1
E2173,23,3,0
E2174,22,3,0
E2175,28,5,1
E2176,19,2,0
E2177,8,5,0
E2178,1,2,0
E2179,4,5,1
E218,16,1,1
E2180,20,2,0
E2181,9,1,0
E2182,28,1,1
E2183,10,4,0
E2184,5,2,1
E2185,3,1,0
E2186,17,5,1
E2187,29,4,1
E2188,12,3,1
E2189,16,5,0
E219,12,1,0
E2190,2,2,0
E2191,19,1,1
E2192,18,5,0
E2193,24,3,0
E2194,17,2,0
E2195,28,4,0
E2196,18,4,1
E2197,20,5,1
E2198,25,3,0
E2199,14,2,1
E220,16,5,0
E2200,4,4,1
E2201,8,4,1
E2202,12,3,1
E2203,30,3,1
E2204,28,1,1
E2205,15,1,1
E2206,30,5,0
E2207,11,4,1
E2208,9,5,1
E2209,30,3,1
E221,26,2,1
E2210,15,4,1
E2211,2,4,1
E2212,3,4,1
E2213,6,2,0
E2214,9,2,1
E2215,16,5,0
E2216,1,2,1
E2217,7,5,0
E2218,18,2,0
E2219,22,4,0
E222,11,3,1
E2220,25,3,0
E2221,1,2,1
E2222,22,2,1
E2223,2,2,0
E2224,1,1,0
E2225,25,1,1
E2226,15,3,1
E2227,27,5,0
E2228,7,4,0
E2229,1,3,1
E223,7,1,1
E2230,16,4,0
E2231,18,5,1
E2232,25,1,1
E2233,6,2,1
E2234,11,2,1
E2235,3,3,0
E2236,28,2,0
E2237,12,4,0
E2238,5,2,0
E2239,18,1,0
E224,23,5,0
E2240,25,2,1
E2241,29,1,1
E2242,5,2,1
E2243,2,4,1
E2244,2,3,1
E2245,13,5,1
E2246,13,5,0
E2247,23,2,1
E2248,1,4,1
E2249,1,1,0
E225,12,2,0
E2250,1,4,1
E2251,14,2,1
E2252,22,3,0
E2253,29,3,1
E2254,21,2,0
E2255,21,2,0
E2256,22,3,0
E2257,28,1,1
E2258,17,2,1
E2259,15,2,1
E226,27,2,0
E2260,9,1,1
E2261,19,2,0
E2262,7,1,0
E2263,5,5,0
E2264,5,4,1
E2265,20,1,0
E2266,13,1,0
E2267,19,2,1
E2268,16,5,0
E2269,28,4,0
E227,23,2,1
E2270,15,2,1
E2271,30,3,0
E2272,21,3,0
E2273,18,2,0
E2274,3,2,1
E2275,16,4,0
E2276,24,3,0
E2277,14,5,1
E2278,16,1,0
E2279,20,1,0
E228,14,4,1
E2280,3,1,0
E2281,15,5,0
E2282,16,1,1
E2283,17,2,0
E2284,12,2,1
E2285,20,2,0
E2286,9,1,0
E2287,16,1,0
E2288,8,2,1
E2289,30,2,0
E229,13,2,0
E2290,23,5,0
E2291,25,5,1
E2292,29,3,1
E2293,2,2,1
E2294,5,1,1
E2295,7,2,1
E2296,6,3,0
E2297,27,2,0
E2298,7,1,0
E2299,8,5,1
E230,17,1,0
E2300,15,1,0
E2301,26,2,1
E2302,4,2,0
E2303,15,1,1
E2304,21,1,1
E2305,5,5,1
E2306,20,2,0
E2307,20,3,1
E2308,15,5,0
E2309,25,1,1
E231,24,3,0
E2310,18,2,0
E2311,28,2,1
E2312,2,4,0
E2313,9,2,1
E2314,4,5,1
E2315,27,1,0
E2316,23,1,0
E2317,19,3,0
E2318,27,3,1
E2319,7,2,0
E232,19,2,0
E2320,4,4,0
E2321,6,4,1
E2322,20,2,1
E2323,6,5,1
E2324,2,2,1
E2325,20,4,0
E2326,1,1,0
E2327,1,3,0
E2328,26,5,1
E2329,19,5,0
E233,5,5,0
E2330,11,4,0
E2331,21,1,0
E2332,11,2,0
E2333,17,5,1
E2334,28,2,1
E2335,17,2,1
E2336,7,2,0
E2337,29,3,1
E2338,20,5,1
E2339,5,5,0
E234,22,2,0
E2340,6,2,0
E2341,15,5,0
E2342,8,2,0
E2343,6,4,1
E2344,9,5,0
E2345,16,4,1
E2346,20,5,0
E2347,8,2,1
E2348,16,2,0
E2349,28,5,0
E235,6,3,0
E2350,18,5,0
E2351,2,2,1
E2352,1,5,1
E2353,10,3,1
E2354,15,3,0
E2355,9,5,0
E2356,9,3,1
E2357,28,2,0
E2358,27,5,0
E2359,10,1,0
E236,24,2,1
E2360,2,2,1
E2361,13,3,0
E2362,28,4,1
E2363,30,2,0
E2364,20,1,0
E2365,2,5,0
E2366,1,5,1
E2367,24,2,0
E2368,10,4,1
E2369,14,2,0
E237,29,3,0
E2370,8,2,0
E2371,9,5,0
E2372,28,5,0
E2373,21,2,0
E2374,26,3,1
E2375,27,4,0
E2376,14,1,1
E2377,4,2,0
E2378,11,5,0
E2379,16,3,0
E238,20,1,1
E2380,28,2,1
E2381,7,1,1
E2382,26,5,1
E2383,13,1,0
E2384,5,2,1
E2385,30,3,0
E2386,6,2,0
E2387,24,2,0
E2388,21,2,1
E2389,14,2,1
E239,30,1,1
E2390,13,3,0
E2391,15,2,1
E2392,25,5,1
E2393,7,1,0
E2394,25,1,1
E2395,17,5,1
E2396,12,5,1
E2397,22,4,0
E2398,15,4,1
E2399,1,2,0
E240,30,2,0
E2400,8,2,1
E2401,14,4,1
E2402,14,2,1
E2403,2,4,1
E2404,28,2,1
E2405,1,5,0
E2406,2,2,1
E2407,3,5,0
E2408,12,3,0
E2409,11,5,1
E241,13,3,0
E2410,8,1,1
E2411,17,1,0
E2412,25,3,0
E2413,11,5,0
E2414,24,2,0
E2415,23,1,0
E2416,6,5,0
E2417,27,3,0
E2418,24,2,0
E2419,14,2,0
E242,24,1,0
E2420,10,5,1
E2421,3,5,1
E2422,4,2,1
E2423,29,2,0
E2424,30,1,1
E2425,18,3,1
E2426,7,1,1
E2427,5,2,1
E2428,30,4,1
E2429,13,5,0
E243,10,1,1
E2430,30,4,0
E2431,2,2,0
E2432,26,4,0
E2433,6,3,0
E2434,10,5,0
E2435,4,3,0
E2436,16,5,1
E2437,5,2,1
E2438,11,4,1
E2439,26,3,0
E244,11,3,0
E2440,17,2,0
E2441,17,2,0
E2442,1,1,1
E2443,7,4,0
E2444,15,5,0
E2445,24,2,1
E2446,23,2,0
E2447,25,1,1
E2448,25,5,1
E2449,19,1,0
E245,2,5,1
E2450,23,4,1
E2451,12,4,1
E2452,12,3,0
E2453,10,5,1
E2454,6,1,0
E2455,29,1,1
E2456,4,1,0
E2457,25,2,0
E2458,17,5,1
E2459,28,3,0
E246,14,3,0
E2460,30,4,1
E2461,4,2,0
E2462,19,2,1
E2463,30,3,0
E2464,23,3,0
E2465,25,2,1
E2466,30,2,1
E2467,9,3,0
E2468,10,1,0
E2469,4,1,1
E247,22,2,1
E2470,15,1,0
E2471,13,3,1
E2472,15,3,0
E2473,8,5,1
E2474,8,1,0
E2475,11,1,0
E2476,25,3,1
E2477,26,2,1
E2478,20,4,0
E2479,2,4,0
E248,15,4,1
E2480,8,4,1
E2481,15,3,0
E2482,1,3,1
E2483,24,2,1
E2484,17,2,1
E2485,3,3,1
E2486,25,2,0
E2487,1,2,0
E2488,11,2,0
E2489,13,4,1
E249,7,1,1
E2490,6,3,0
E2491,25,2,0
E2492,19,1,0
E2493,6,2,1
E2494,5,4,1
E2495,23,1,1
E2496,24,3,0
E2497,8,3,1
E2498,1,2,0
E2499,12,2,1
E250,24,2,0
E2500,4,3,0
E2501,9,1,0
E2502,15,2,0
E2503,17,4,0
E2504,4,5,1
E2505,28,4,1
E2506,19,5,0
E2507,20,3,1
E2508,18,5,0
E2509,12,2,0
E251,1,4,0
E2510,20,5,1
E2511,26,3,0
E2512,1,1,0
E2513,17,4,1
E2514,27,3,0
E2515,16,3,0
E2516,12,2,1
E2517,17,2,1
E2518,28,5,0
E2519,2,1,1
E252,18,2,1
E2520,9,4,0
E2521,13,2,1
E2522,11,2,0
E2523,10,5,1
E2524,9,1,1
E2525,18,4,0
E2526,6,4,1
E2527,27,5,1
E2528,19,2,1
E2529,24,2,1
E253,29,5,1
E2530,20,2,0
E2531,15,5,1
E2532,8,2,1
E2533,29,1,0
E2534,20,4,0
E2535,11,2,0
E2536,9,5,1
E2537,3,1,1
E2538,28,5,1
E2539,15,1,0
E254,24,3,1
E2540,13,3,1
E2541,6,3,1
E2542,20,5,0
E2543,26,1,1
E2544,5,2,0
E2545,11,2,1
E2546,27,2,0
E2547,9,2,0
E2548,24,3,1
E2549,10,4,1
E255,12,2,1
E2550,7,2,1
E2551,9,3,1
E2552,8,2,0
E2553,10,2,0
E2554,20,2,0
E2555,9,3,0
E2556,8,4,1
E2557,13,1,1
E2558,7,2,1
E2559,24,3,0
E256,4,1,1
E2560,23,2,1
E2561,9,4,0
E2562,19,2,1
E2563,19,3,1
E2564,19,5,0
E2565,29,2,0
E2566,1,2,1
E2567,26,2,1
E2568,24,5,0
E2569,18,1,1
E257,30,2,0
E2570,22,1,1
E2571,12,2,1
E2572,13,3,1
E2573,24,2,0
E2574,23,2,1
E2575,26,3,0
E2576,27,1,0
E2577,10,1,1
E2578,27,5,0
E2579,27,4,1
E258,11,3,1
E2580,2,2,1
E2581,29,4,0
E2582,28,3,0
E2583,8,3,1
E2584,7,3,0
E2585,20,5,1
E2586,22,2,0
E2587,9,1,0
E2588,1,2,1
E2589,29,5,0
E259,13,4,1
E2590,3,1,1
E2591,4,1,1
E2592,14,3,0
E2593,30,2,1
E2594,28,3,0
E2595,2,4,1
E2596,15,2,1
E2597,26,5,1
E2598,18,2,0
E2599,18,1,1
E260,15,1,1
E2600,10,1,0
E2601,1,1,1
E2602,7,3,0
E2603,22,1,1
E2604,15,3,0
E2605,14,5,1
E2606,16,3,0
E2607,4,4,1
E2608,23,4,1
E2609,24,4,1
E261,4,2,0
E2610,5,1,0
E2611,12,2,0
E2612,12,4,0
E2613,11,2,0
E2614,19,1,0
E2615,18,1,1
E2616,4,2,1
E2617,9,5,0
E2618,3,4,1
E2619,5,2,0
E262,6,4,0
E2620,3,5,0
E2621,18,2,1
E2622,22,1,0
E2623,28,2,1
E2624,28,5,1
E2625,6,2,0
E2626,10,3,0
E2627,28,2,1
E2628,18,2,1
E2629,11,4,1
E263,7,4,0
E2630,2,4,0
E2631,3,5,0
E2632,23,4,0
E2633,7,5,1
E2634,21,3,1
E2635,26,2,1
E2636,20,1,0
E2637,24,3,1
E2638,2,3,1
E2639,29,2,0
E264,27,3,0
E2640,16,2,0
E2641,10,5,1
E2642,27,2,1
E2643,23,1,1
E2644,7,3,1
E2645,22,4,0
E2646,1,5,1
E2647,9,4,1
E2648,19,4,1
E2649,4,4,1
E265,26,2,0
E2650,20,1,1
E2651,24,1,0
E2652,8,5,0
E2653,23,2,1
E2654,6,4,1
E2655,5,2,1
E2656,12,3,0
E2657,7,5,1
E2658,3,1,1
E2659,1,5,1
E266,15,3,0
E2660,13,5,1
E2661,25,3,0
E2662,26,2,1
E2663,30,4,1
E2664,29,1,1
E2665,23,4,1
E2666,4,2,0
E2667,16,1,0
E2668,10,4,1
E2669,21,5,1
E267,15,4,0
E2670,7,4,0
E2671,17,3,0
E2672,29,4,0
E2673,12,3,0
E2674,23,1,0
E2675,10,4,1
E2676,4,4,1
E2677,28,1,0
E2678,18,3,1
E2679,10,1,0
E268,3,5,0
E2680,4,3,1
E2681,20,2,0
E2682,17,1,0
E2683,12,3,0
E2684,26,2,0
E2685,24,1,0
E2686,22,3,0
E2687,29,4,0
E2688,17,3,0
E2689,21,3,0
E269,25,1,0
E2690,13,4,0
E2691,10,5,1
E2692,30,4,1
E2693,4,4,1
E2694,26,5,0
E2695,29,3,1
E2696,20,2,0
E2697,14,4,1
E2698,4,1,1
E2699,24,3,0
E270,4,3,0
E2700,15,1,0
E2701,5,2,1
E2702,17,1,1
E2703,28,2,0
E2704,29,4,1
E2705,17,3,1
E2706,11,5,1
E2707,2,4,1
E2708,21,2,0
E2709,25,2,0
E271,14,4,0
E2710,17,4,0
E2711,4,2,0
E2712,20,1,0
E2713,21,5,1
E2714,16,2,1
E2715,14,2,0
E2716,10,2,0
E2717,14,5,0
E2718,13,5,1
E2719,7,5,0
E272,8,3,0
E2720,19,5,0
E2721,20,4,1
E2722,12,2,0
E2723,7,2,0
E2724,2,2,0
E2725,30,3,1
E2726,27,3,0
E2727,24,4,1
E2728,7,3,0
E2729,3,2,1
E273,9,1,1
E2730,19,5,0
E2731,19,1,0
E2732,25,2,0
E2733,5,1,1
E2734,26,3,0
E2735,21,4,0
E2736,2,1,0
E2737,13,3,1
E2738,23,2,1
E2739,24,2,0
E274,29,5,0
E2740,17,4,0
E2741,4,4,0
E2742,11,4,1
E2743,27,3,1
E2744,17,2,1
E2745,8,3,1
E2746,1,3,1
E2747,18,4,0
E2748,30,3,1
E2749,8,3,1
E275,13,4,1
E2750,5,2,1
E2751,1,1,1
E2752,24,5,0
E2753,28,2,0
E2754,1,2,0
E2755,25,5,1
E2756,21,2,1
E2757,28,2,0
E2758,29,2,0
E2759,7,2,1
E276,9,3,1
E2760,2,2,0
E2761,30,2,1
E2762,11,4,1
E2763,9,1,1
E2764,18,1,0
E2765,9,3,1
E2766,28,2,1
E2767,25,1,0
E2768,14,1,0
E2769,15,4,1
E277,12,1,1
E2770,26,5,1
E2771,14,2,0
E2772,26,1,0
E2773,19,1,1
E2774,29,5,0
E2775,20,4,1
E2776,15,4,0
E2777,9,2,1
E2778,24,5,0
E2779,23,3,1
E278,28,1,0
E2780,14,5,1
E2781,1,1,0
E2782,24,3,1
E2783,22,5,0
E2784,18,3,1
E2785,24,2,1
E2786,14,3,0
E2787,15,3,0
E2788,2,4,1
E2789,2,4,1
E279,13,4,1
E2790,19,1,1
E2791,18,1,1
E2792,22,2,1
E2793,15,2,1
E2794,13,1,1
E2795,28,5,1
E2796,27,4,0
E2797,1,5,1
E2798,30,1,1
E2799,15,3,1
E280,4,5,1
E2800,9,1,0
E2801,6,2,1
E2802,15,3,1
E2803,7,1,1
E2804,12,5,0
E2805,27,4,1
E2806,26,1,1
E2807,3,5,1
E2808,21,4,0
E2809,13,2,1
E281,17,3,1
E2810,20,5,1
E2811,24,1,0
E2812,3,5,1
E2813,25,4,0
E2814,18,4,0
E2815,21,3,0
E2816,20,2,1
E2817,2,5,0
E2818,6,5,0
E2819,20,3,1
E282,22,1,1
E2820,18,3,0
E2821,5,1,0
E2822,16,4,0
E2823,23,2,1
E2824,14,1,0
E2825,3,1,1
E2826,16,2,0
E2827,23,5,1
E2828,1,4,0
E2829,11,3,0
E283,29,3,1
E2830,10,1,1
E2831,14,5,1
E2832,23,5,1
E2833,20,2,1
E2834,23,3,0
E2835,4,5,0
E2836,22,2,1
E2837,6,4,1
E2838,6,3,0
E2839,13,1,1
E284,26,2,0
E2840,16,2,0
E2841,3,3,0
E2842,15,1,0
E2843,5,4,0
E2844,6,5,0
E2845,29,1,0
E2846,10,2,1
E2847,24,2,0
E2848,9,4,1
E2849,6,1,1
E285,23,3,0
E2850,7,1,0
E2851,17,2,1
E2852,2,2,0
E2853,9,1,0
E2854,28,4,0
E2855,7,4,0
E2856,5,3,1
E2857,1,1,1
E2858,25,2,0
E2859,17,3,0
E286,4,2,0
E2860,7,5,0
E2861,2,2,1
E2862,4,4,1
E2863,22,2,0
E2864,10,3,1
E2865,2,4,1
E2866,22,4,1
E2867,24,3,1
E2868,1,2,1
E2869,1,5,1
E287,16,3,1
E2870,24,2,1
E2871,30,3,1
E2872,1,4,0
E2873,15,4,1
E2874,28,2,1
E2875,7,5,0
E2876,18,4,1
E2877,23,4,1
E2878,25,5,0
E2879,8,2,0
E288,2,4,1
E2880,11,1,1
E2881,2,5,1
E2882,30,3,1
E2883,18,1,0
E2884,15,3,0
E2885,19,1,1
E2886,3,4,1
E2887,29,5,1
E2888,21,2,1
E2889,23,4,1
E289,4,2,1
E2890,21,2,0
E2891,1,2,0
E2892,24,4,0
E2893,4,1,1
E2894,27,4,1
E2895,11,1,1
E2896,28,3,0
E2897,19,5,0
E2898,14,2,1
E2899,11,3,0
E290,23,2,1
E2900,4,4,1
E2901,27,3,0
E2902,1,1,1
E2903,12,5,1
E2904,26,4,1
E2905,12,2,0
E2906,7,2,0
E2907,9,2,1
E2908,2,1,0
E2909,1,1,1
E291,15,5,1
E2910,17,3,1
E2911,21,5,0
E2912,10,3,1
E2913,21,2,1
E2914,30,1,0
E2915,30,4,1
E2916,3,2,1
E2917,24,4,1
E2918,6,2,0
E2919,29,5,1
E292,12,4,1
E2920,10,1,0
E2921,9,1,1
E2922,26,1,0
E2923,20,3,0
E2924,24,4,1
E2925,19,2,0
E2926,6,1,1
E2927,14,2,1
E2928,13,1,1
E2929,21,3,0
E293,30,2,0
E2930,10,2,0
E2931,1,5,0
E2932,8,2,0
E2933,20,3,0
E2934,6,1,0
E2935,30,1,1
E2936,19,2,0
E2937,3,2,0
E2938,28,3,0
E2939,30,1,1
E294,1,4,0
E2940,3,1,0
E2941,22,2,1
E2942,23,2,0
E2943,16,5,1
E2944,11,2,0
E2945,27,1,1
E2946,12,4,1
E2947,16,1,0
E2948,12,5,0
E2949,19,4,0
E295,12,4,1
E2950,22,1,0
E2951,11,3,0
E2952,15,1,1
E2953,2,1,0
E2954,22,2,0
E2955,6,5,0
E2956,23,4,1
E2957,14,2,1
E2958,27,1,1
E2959,15,4,1
E296,24,5,0
E2960,21,5,0
E2961,29,2,1
E2962,28,2,1
E2963,25,3,0
E2964,14,5,0
E2965,1,5,0
E2966,25,4,0
E2967,11,2,1
E2968,27,4,0
E2969,20,3,0
E297,1,4,1
E2970,16,4,0
E2971,9,1,1
E2972,10,3,0
E2973,14,5,0
E2974,25,5,0
E2975,18,1,1
E2976,2,2,1
E2977,22,3,0
E2978,2,1,1
E2979,2,3,0
E298,20,1,0
E2980,19,1,0
E2981,15,5,1
E2982,15,4,1
E2983,18,4,0
E2984,5,5,1
E2985,30,5,0
E2986,27,5,1
E2987,15,2,1
E2988,9,2,0
E2989,7,5,1
E299,21,2,1
E2990,24,4,1
E2991,15,2,0
E2992,10,4,0
E2993,17,3,0
E2994,11,1,1
E2995,4,4,0
E2996,8,4,1
E2997,30,2,0
E2998,28,3,1
E2999,30,1,0
E300,17,5,0
E3000,10,1,0
E3001,21,1,1
E3002,10,3,1
E3003,30,2,1
E3004,12,3,0
E3005,4,4,1
E3006,23,2,0
E3007,15,5,0
E3008,9,4,0
E3009,2,1,0
E301,2,4,1
E3010,15,1,1
E3011,17,1,0
E3012,18,3,0
E3013,27,3,1
E3014,30,2,1
E3015,12,5,0
E3016,20,4,0
E3017,30,2,0
E3018,15,1,1
E3019,16,1,0
E302,1,3,0
E3020,5,4,0
E3021,19,2,1
E3022,15,2,1
E3023,19,3,0
E3024,27,5,1
E3025,15,5,1
E3026,7,3,0
E3027,11,1,1
E3028,30,2,0
E3029,22,1,0
E303,20,1,1
E3030,29,2,1
E3031,24,2,0
E3032,27,4,1
E3033,1,5,1
E3034,23,2,0
E3035,11,3,1
E3036,15,2,0
E3037,22,1,1
E3038,26,4,1
E3039,3,5,1
E304,30,4,1
E3040,16,5,1
E3041,24,1,0
E3042,1,2,0
E3043,26,4,1
E3044,22,1,1
E3045,4,1,1
E3046,11,2,1
E3047,12,2,1
E3048,22,2,1
E3049,23,2,0
E305,23,1,1
E3050,19,3,1
E3051,24,2,0
E3052,9,2,1
E3053,11,3,1
E3054,7,2,1
E3055,1,5,1
E3056,13,2,1
E3057,10,2,1
E3058,13,3,0
E3059,19,5,0
E306,24,5,1
E3060,28,2,0
E3061,9,5,1
E3062,29,3,0
E3063,19,2,0
E3064,24,3,0
E3065,19,1,1
E3066,9,3,1
E3067,12,5,1
E3068,14,4,1
E3069,19,3,1
E307,1,1,1
E3070,29,4,1
E3071,23,2,0
E3072,10,2,0
E3073,7,3,0
E3074,2,5,1
E3075,27,3,0
E3076,19,3,0
E3077,14,1,1
E3078,19,4,1
E3079,23,1,0
E308,19,1,1
E3080,6,4,0
E3081,22,1,1
E3082,26,4,1
E3083,28,4,0
E3084,28,3,1
E3085,20,2,1
E3086,3,3,1
E3087,14,4,0
E3088,5,5,1
E3089,16,2,0
E309,5,3,0
E3090,21,5,1
E3091,26,2,1
E3092,24,3,0
E3093,26,2,1
E3094,7,1,1
E3095,13,2,0
E3096,15,2,1
E3097,15,5,1
E3098,3,1,0
E3099,17,1,0
E310,22,1,0
E3100,4,2,0
E3101,29,3,0
E3102,9,3,1
E3103,1,1,0
E3104,1,5,0
E3105,29,1,0
E3106,25,2,1
E3107,12,1,0
E3108,15,1,1
E3109,17,5,0
E311,29,5,1
E3110,17,3,0
E3111,16,2,1
E3112,18,1,1
E3113,14,2,1
E3114,5,5,0
E3115,25,2,0
E3116,24,3,0
E3117,26,1,1
E3118,17,1,0
E3119,2,1,0
E312,14,1,1
E3120,28,4,0
E3121,23,2,1
E3122,21,4,1
E3123,11,4,0
E3124,27,2,0
E3125,3,2,1
E3126,11,5,1
E3127,11,2,1
E3128,30,2,0
E3129,5,3,0
E313,24,3,1
E3130,22,1,1
E3131,27,4,1
E3132,13,2,1
E3133,25,3,0
E3134,16,2,0
E3135,26,5,0
E3136,22,1,1
E3137,11,2,0
E3138,20,4,1
E3139,7,1,1
E314,21,2,0
E3140,17,2,1
E3141,4,1,0
E3142,13,5,1
E3143,11,5,0
E3144,20,3,1
E3145,3,3,0
E3146,4,5,1
E3147,21,2,0
E3148,11,2,1
E3149,10,4,0
E315,2,5,1
E3150,8,3,1
E3151,18,2,1
E3152,28,5,0
E3153,29,4,0
E3154,4,1,1
E3155,10,5,1
E3156,15,3,1
E3157,27,5,1
E3158,9,2,1
E3159,15,1,0
E316,30,2,0
E3160,14,2,0
E3161,22,2,0
E3162,9,5,0
E3163,22,5,0
E3164,14,1,0
E3165,9,3,0
E3166,22,5,1
E3167,20,4,1
E3168,6,4,1
E3169,13,4,0
E317,27,4,0
E3170,25,3,0
E3171,4,2,0
E3172,2,5,1
E3173,29,2,0
E3174,12,2,1
E3175,16,5,0
E3176,10,4,1
E3177,10,3,1
E3178,23,3,0
E3179,16,2,0
E318,12,5,1
E3180,21,5,0
E3181,26,3,0
E3182,22,3,0
E3183,3,1,0
E3184,20,2,0
E3185,3,2,1
E3186,7,3,0
E3187,17,4,0
E3188,3,3,0
E3189,19,2,1
E319,23,5,0
E3190,23,5,1
E3191,20,4,1
E3192,14,4,1
E3193,2,3,1
E3194,9,2,1
E3195,20,4,1
E3196,11,4,1
E3197,9,3,0
E3198,13,5,1
E3199,30,1,1
E320,20,3,1
E3200,14,2,0
E3201,9,1,1
E3202,25,3,1
E3203,28,2,0
E3204,2,3,0
E3205,20,2,0
E3206,12,4,1
E3207,15,4,0
E3208,27,4,0
E3209,20,2,0
E321,11,4,1
E3210,12,5,1
E3211,23,2,0
E3212,8,2,0
E3213,7,2,1
E3214,12,1,1
E3215,16,1,1
E3216,17,4,1
E3217,29,5,1
E3218,20,3,0
E3219,2,3,1
E322,21,4,1
E3220,6,5,0
E3221,16,5,1
E3222,20,4,0
E3223,4,2,1
E3224,13,5,0
E3225,6,4,0
E3226,17,1,0
E3227,16,4,0
E3228,16,5,1
E3229,13,1,0
E323,30,2,0
E3230,15,4,0
E3231,23,2,0
E3232,22,4,1
E3233,4,4,1
E3234,6,5,0
E3235,16,3,1
E3236,26,1,0
E3237,26,4,1
E3238,22,1,1
E3239,5,1,0
E324,15,4,0
E3240,11,3,0
E3241,9,2,0
E3242,25,5,1
E3243,3,2,0
E3244,23,1,1
E3245,30,3,1
E3246,6,4,1
E3247,18,5,1
E3248,22,2,0
E3249,23,2,1
E325,2,4,0
E3250,15,2,1
E3251,5,4,1
E3252,23,3,1
E3253,5,2,1
E3254,7,2,1
E3255,12,1,0
E3256,22,2,1
E3257,13,2,0
E3258,15,3,1
E3259,1,3,0
E326,19,1,0
E3260,28,2,0
E3261,8,2,0
E3262,29,5,1
E3263,3,3,0
E3264,6,5,0
E3265,14,2,1
E3266,28,2,0
E3267,11,3,0
E3268,14,3,1
E3269,29,5,0
E327,3,3,0
E3270,6,1,1
E3271,4,2,0
E3272,24,3,0
E3273,17,5,1
E3274,28,5,1
E3275,8,2,0
E3276,30,1,1
E3277,29,4,1
E3278,22,2,1
E3279,2,2,0
E328,9,2,0
E3280,9,4,1
E3281,21,5,0
E3282,14,2,0
E3283,28,1,0
E3284,6,2,0
E3285,12,1,1
E3286,17,5,1
E3287,17,5,0
E3288,17,5,0
E3289,25,2,0
E329,21,1,1
E3290,16,4,1
E3291,20,1,1
E3292,1,4,1
E3293,28,5,0
E3294,17,4,0
E3295,13,3,0
E3296,16,2,0
E3297,5,4,0
E3298,21,3,0
E3299,6,5,1
E330,8,1,1
E3300,15,5,0
E3301,29,3,1
E3302,2,4,0
E3303,12,3,1
E3304,26,2,1
E3305,8,3,0
E3306,2,2,0
E3307,14,1,0
E3308,17,2,1
E3309,14,1,1
E331,25,2,0
E3310,21,3,0
E3311,12,1,0
E3312,13,2,1
E3313,14,1,1
E3314,17,3,0
E3315,10,2,1
E3316,29,2,1
E3317,3,2,1
E3318,22,2,1
E3319,16,1,1
E332,18,2,1
E3320,19,1,0
E3321,1,2,1
E3322,1,2,0
E3323,26,1,0
E3324,27,2,1
E3325,15,4,0
E3326,5,1,0
E3327,1,4,0
E3328,23,4,1
E3329,1,1,0
E333,17,2,0
E3330,19,2,1
E3331,4,3,1
E3332,30,4,0
E3333,23,2,1
E3334,24,2,1
E3335,21,5,0
E3336,29,5,1
E3337,18,2,0
E3338,17,2,1
E3339,28,5,1
E334,25,5,1
E3340,13,4,1
E3341,16,2,1
E3342,29,1,0
E3343,28,5,1
E3344,13,2,1
E3345,19,3,0
E3346,25,1,0
E3347,28,3,1
E3348,4,1,0
E3349,1,1,0
E335,17,2,1
E3350,22,4,1
E3351,10,4,1
E3352,3,4,1
E3353,5,1,0
E3354,17,3,0
E3355,29,1,0
E3356,1,1,0
E3357,15,4,0
E3358,23,5,1
E3359,5,3,0
E336,12,5,0
E3360,13,5,0
E3361,10,4,1
E3362,4,2,0
E3363,13,1,0
E3364,12,2,1
E3365,10,3,1
E3366,5,2,0
E3367,11,2,0
E3368,27,1,0
E3369,23,3,0
E337,2,4,0
E3370,23,2,0
E3371,18,2,0
E3372,11,4,1
E3373,1,2,0
E3374,26,3,1
E3375,29,2,0
E3376,1,5,0
E3377,21,5,0
E3378,17,1,0
E3379,1,4,0
E338,4,1,0
E3380,28,4,0
E3381,13,2,1
E3382,22,5,1
E3383,16,2,0
E3384,24,3,1
E3385,30,2,0
E3386,16,2,0
E3387,28,3,1
E3388,21,4,1
E3389,6,4,0
E339,25,2,0
E3390,5,2,0
E3391,28,4,1
E3392,8,1,0
E3393,11,1,0
E3394,6,5,0
E3395,10,3,0
E3396,21,2,1
E3397,12,3,1
E3398,17,1,1
E3399,24,4,1
E340,9,5,0
E3400,10,3,0
E3401,12,5,0
E3402,16,2,1
E3403,16,3,0
E3404,7,2,1
E3405,18,2,0
E3406,9,2,1
E3407,24,1,1
E3408,23,4,1
E3409,4,4,1
E341,27,3,0
E3410,2,3,0
E3411,19,2,0
E3412,15,2,1
E3413,11,2,1
E3414,25,2,1
E3415,30,2,0
E3416,23,5,0
E3417,2,1,1
E3418,10,4,1
E3419,20,3,0
E342,4,5,0
E3420,18,1,1
E3421,3,3,0
E3422,8,3,0
E3423,10,1,0
E3424,2,4,1
E3425,16,1,0
E3426,16,3,0
E3427,23,4,1
E3428,20,2,1
E3429,5,4,1
E343,14,1,0
E3430,9,2,0
E3431,1,2,0
E3432,28,3,0
E3433,11,1,0
E3434,9,2,1
E3435,8,2,1
E3436,10,5,1
E3437,23,5,1
E3438,30,1,0
E3439,6,4,0
E344,13,5,1
E3440,21,5,0
E3441,15,1,0
E3442,11,1,1
E3443,13,3,0
E3444,25,5,1
E3445,19,3,0
E3446,18,1,0
E3447,17,5,0
E3448,24,5,1
E3449,6,3,0
E345,24,3,1
E3450,16,5,0
E3451,9,5,1
E3452,15,2,0
E3453,27,3,1
E3454,11,2,1
E3455,13,4,0
E3456,15,4,1
E3457,11,4,0
E3458,4,2,0
E3459,30,4,1
E346,29,4,0
E3460,20,3,0
E3461,2,1,1
E3462,5,5,0
E3463,28,3,1
E3464,3,3,0
E3465,11,4,1
E3466,29,3,0
E3467,20,2,1
E3468,13,5,0
E3469,6,5,0
E347,27,5,1
E3470,22,3,0
E3471,5,2,0
E3472,10,3,1
E3473,21,3,1
E3474,6,5,1
E3475,17,4,1
E3476,4,3,0
E3477,10,3,1
E3478,3,3,0
E3479,16,5,0
E348,22,4,1
E3480,21,4,1
E3481,8,3,1
E3482,21,1,0
E3483,3,3,1
E3484,2,2,0
E3485,17,1,1
E3486,2,3,1
E3487,27,3,1
E3488,27,3,1
E3489,29,2,0
E349,16,2,1
E3490,2,1,0
E3491,20,3,1
E3492,22,2,0
E3493,15,2,0
E3494,3,2,1
E3495,19,1,0
E3496,5,3,1
E3497,7,3,0
E3498,14,3,0
E3499,1,5,0
E350,12,5,1
E3500,10,1,0
E3501,1,2,1
E3502,7,5,1
E3503,8,2,0
E3504,15,2,1
E3505,14,1,1
E3506,16,1,1
E3507,28,5,0
E3508,26,3,0
E3509,9,1,1
E351,22,3,0
E3510,11,1,1
E3511,20,1,1
E3512,9,3,0
E3513,2,2,0
E3514,23,4,1
E3515,27,4,0
E3516,1,1,0
E3517,16,5,0
E3518,14,5,0
E3519,25,5,1
E352,26,5,1
E3520,10,2,1
E3521,24,5,0
E3522,21,2,0
E3523,30,1,1
E3524,9,5,0
E3525,6,1,1
E3526,8,4,1
E3527,9,1,1
E3528,15,3,0
E3529,24,3,0
E353,23,4,0
E3530,1,2,1
E3531,25,4,1
E3532,22,3,1
E3533,27,4,1
E3534,10,5,0
E3535,14,1,0
E3536,13,1,0
E3537,12,5,1
E3538,4,1,1
E3539,16,2,1
E354,20,5,0
E3540,28,4,1
E3541,10,2,1
E3542,21,5,1
E3543,29,3,1
E3544,12,1,0
E3545,14,4,0
E3546,1,1,1
E3547,23,2,0
E3548,17,4,0
E3549,2,5,1
E355,3,3,1
E3550,21,2,0
E3551,17,3,1
E3552,9,3,0
E3553,14,3,0
E3554,28,2,1
E3555,24,3,1
E3556,18,4,1
E3557,24,3,0
E3558,8,5,1
E3559,18,2,1
E356,21,4,0
E3560,10,2,0
E3561,2,2,0
E3562,27,1,0
E3563,23,4,1
E3564,27,5,0
E3565,18,4,0
E3566,23,2,0
E3567,22,3,0
E3568,10,5,1
E3569,7,3,0
E357,21,3,0
E3570,18,1,0
E3571,26,2,1
E3572,5,4,0
E3573,1,3,1
E3574,8,1,0
E3575,17,5,1
E3576,26,4,0
E3577,12,2,0
E3578,9,3,0
E3579,17,1,0
E358,8,4,1
E3580,8,2,1
E3581,3,1,0
E3582,24,2,0
E3583,28,4,0
E3584,4,3,0
E3585,5,1,0
E3586,27,2,1
E3587,11,2,1
E3588,26,2,1
E3589,13,5,1
E359,1,5,0
E3590,15,3,1
E3591,1,1,1
E3592,3,4,1
E3593,10,2,0
E3594,3,5,1
E3595,26,1,0
E3596,26,4,0
E3597,15,1,1
E3598,1,5,1
E3599,19,3,0
E360,18,5,1
E3600,19,5,1
E3601,27,1,1
E3602,11,5,1
E3603,27,3,0
E3604,17,2,0
E3605,5,2,1
E3606,24,3,0
E3607,19,3,1
E3608,12,2,1
E3609,7,1,0
E361,13,1,1
E3610,19,1,1
E3611,4,5,0
E3612,11,1,1
E3613,12,2,0
E3614,28,5,0
E3615,6,5,1
E3616,14,3,1
E3617,22,3,0
E3618,25,2,1
E3619,1,4,0
E362,17,2,1
E3620,6,2,1
E3621,3,4,0
E3622,9,3,0
E3623,6,5,0
E3624,27,2,1
E3625,7,2,0
E3626,17,1,0
E3627,21,5,0
E3628,14,4,0
E3629,14,2,1
E363,14,2,1
E3630,2,3,0
E3631,20,4,0
E3632,14,3,1
E3633,1,4,1
E3634,7,5,1
E3635,11,3,1
E3636,5,2,1
E3637,19,1,0
E3638,23,5,1
E3639,29,5,0
E364,19,1,1
E3640,16,4,0
E3641,19,5,1
E3642,1,5,1
E3643,24,5,0
E3644,7,5,1
E3645,29,1,0
E3646,24,1,1
E3647,11,2,1
E3648,18,4,0
E3649,23,1,1
E365,19,4,0
E3650,24,4,1
E3651,7,3,1
E3652,28,2,1
E3653,29,2,1
E3654,4,3,0
E3655,1,3,1
E3656,6,5,0
E3657,17,5,0
E3658,15,3,1
E3659,11,2,0
E366,3,5,1
E3660,24,2,0
E3661,2,3,0
E3662,5,1,1
E3663,17,5,1
E3664,9,2,0
E3665,19,2,0
E3666,9,5,0
E3667,26,5,1
E3668,17,1,0
E3669,20,2,0
E367,23,4,0
E3670,5,2,1
E3671,24,1,0
E3672,29,3,0
E3673,29,2,0
E3674,10,5,1
E3675,12,2,1
E3676,2,5,1
E3677,16,2,1
E3678,2,2,0
E3679,7,2,0
E368,21,2,0
E3680,28,2,1
E3681,17,4,0
E3682,8,2,1
E3683,19,5,1
E3684,13,2,0
E3685,19,3,0
E3686,7,2,0
E3687,7,4,1
E3688,25,5,0
E3689,1,5,1
E369,2,2,0
E3690,17,5,0
E3691,14,2,1
E3692,11,3,0
E3693,2,5,1
E3694,9,2,0
E3695,22,2,0
E3696,13,1,1
E3697,4,5,0
E3698,26,1,1
E3699,22,5,1
E370,16,2,1
E3700,25,5,1
E3701,29,4,1
E3702,5,5,0
E3703,13,3,0
E3704,19,4,1
E3705,11,3,0
E3706,19,3,1
E3707,2,2,0
E3708,16,4,1
E3709,4,5,1
E371,1,5,1
E3710,30,3,1
E3711,27,4,1
E3712,20,5,1
E3713,22,3,0
E3714,2,2,0
E3715,11,2,0
E3716,8,2,1
E3717,20,4,0
E3718,12,4,0
E3719,17,1,0
E372,8,5,0
E3720,20,2,0
E3721,6,1,1
E3722,13,5,0
E3723,4,3,1
E3724,11,1,0
E3725,8,2,1
E3726,2,1,0
E3727,26,2,0
E3728,1,5,1
E3729,27,4,1
E373,13,2,1
E3730,25,5,0
E3731,7,2,1
E3732,14,2,1
E3733,9,4,1
E3734,10,5,0
E3735,18,2,0
E3736,25,1,0
E3737,28,2,1
E3738,13,4,1
E3739,3,2,0
E374,25,1,1
E3740,12,2,0
E3741,30,1,0
E3742,26,4,1
E3743,29,1,0
E3744,16,2,0
E3745,18,3,1
E3746,5,5,1
E3747,5,1,1
E3748,18,1,1
E3749,12,5,1
E375,5,3,0
E3750,30,2,0
E3751,19,5,0
E3752,13,1,0
E3753,30,3,1
E3754,22,3,0
E3755,19,3,0
E3756,6,1,0
E3757,2,5,1
E3758,9,2,1
E3759,18,3,0
E376,9,3,1
E3760,22,4,1
E3761,3,5,1
E3762,15,4,1
E3763,9,5,0
E3764,5,2,0
E3765,13,4,0
E3766,23,5,0
E3767,19,3,0
E3768,4,4,1
E3769,8,3,1
E377,15,5,0
E3770,17,2,1
E3771,15,2,1
E3772,3,4,1
E3773,16,2,1
E3774,14,2,1
E3775,6,5,1
E3776,18,5,0
E3777,3,2,1
E3778,24,2,0
E3779,20,2,0
E378,1,3,0
E3780,7,5,0
E3781,22,5,1
E3782,23,3,0
E3783,14,5,1
E3784,20,4,1
E3785,7,4,1
E3786,11,4,1
E3787,28,1,0
E3788,15,3,1
E3789,21,3,0
E379,12,1,1
E3790,23,1,1
E3791,8,5,0
E3792,29,1,1
E3793,9,4,0
E3794,12,5,0
E3795,12,3,1
E3796,30,2,0
E3797,18,2,0
E3798,2,4,1
E3799,20,5,1
E380,14,4,1
E3800,8,2,1
E3801,16,5,0
E3802,25,5,0
E3803,5,2,1
E3804,15,5,1
E3805,20,5,1
E3806,25,5,0
E3807,13,5,1
E3808,17,1,1
E3809,22,1,0
E381,26,4,0
E3810,26,2,1
E3811,12,4,0
E3812,25,5,0
E3813,18,2,0
E3814,14,4,0
E3815,21,2,1
E3816,5,2,1
E3817,3,3,1
E3818,25,4,1
E3819,9,1,1
E382,29,3,0
E3820,24,4,0
E3821,26,1,1
E3822,14,5,1
E3823,16,5,1
E3824,6,4,1
E3825,9,4,0
E3826,2,1,1
E3827,13,4,0
E3828,5,1,0
E3829,15,1,1
E383,2,2,0
E3830,15,5,1
E3831,27,4,1
E3832,27,5,0
E3833,22,1,0
E3834,2,1,1
E3835,18,5,1
E3836,4,4,1
E3837,27,3,1
E3838,3,2,0
E3839,12,3,1
E384,16,5,1
E3840,21,1,1
E3841,4,2,1
E3842,2,5,0
E3843,12,2,0
E3844,25,2,1
E3845,23,3,1
E3846,6,1,0
E3847,17,4,0
E3848,28,3,0
E3849,11,3,1
E385,17,2,0
E3850,30,2,0
E3851,1,5,0
E3852,21,1,1
E3853,14,1,1
E3854,11,4,0
E3855,12,5,0
E3856,9,5,0
E3857,29,4,1
E3858,1,5,0
E3859,12,3,1
E386,18,4,1
E3860,5,4,0
E3861,7,1,1
E3862,18,3,1
E3863,2,1,1
E3864,5,3,0
E3865,17,4,1
E3866,12,5,0
E3867,22,3,0
E3868,14,1,1
E3869,23,1,1
E387,4,4,1
E3870,23,4,0
E3871,14,5,1
E3872,15,1,1
E3873,4,1,0
E3874,15,3,0
E3875,8,1,0
E3876,12,2,0
E3877,28,2,1
E3878,26,4,1
E3879,15,3,1
E388,5,3,0
E3880,2,2,0
E3881,20,2,1
E3882,21,2,1
E3883,29,2,0
E3884,26,4,1
E3885,18,2,1
E3886,29,3,1
E3887,26,2,1
E3888,24,2,0
E3889,20,3,1
E389,18,2,0
E3890,14,2,0
E3891,14,1,0
E3892,7,5,1
E3893,30,3,1
E3894,26,5,0
E3895,3,1,1
E3896,21,2,1
E3897,16,4,0
E3898,26,5,1
E3899,17,3,1
E390,29,1,1
E3900,9,5,1
E3901,26,4,0
E3902,17,1,1
E3903,10,5,0
E3904,7,1,0
E3905,16,2,1
E3906,30,3,0
E3907,12,2,1
E3908,29,1,1
E3909,19,3,1
E391,16,3,1
E3910,5,3,0
E3911,7,2,0
E3912,13,2,0
E3913,9,5,1
E3914,5,1,0
E3915,26,3,0
E3916,8,1,1
E3917,14,5,0
E3918,25,3,1
E3919,17,2,1
E392,27,4,0
E3920,18,1,0
E3921,3,2,0
E3922,17,5,1
E3923,26,5,1
E3924,5,1,1
E3925,13,2,1
E3926,13,2,0
E3927,4,5,1
E3928,22,3,1
E3929,10,1,1
E393,2,5,1
E3930,26,3,0
E3931,13,4,0
E3932,1,1,1
E3933,19,2,0
E3934,17,1,1
E3935,26,2,1
E3936,27,2,0
E3937,8,3,1
E3938,16,2,0
E3939,12,3,0
E394,16,5,0
E3940,18,1,1
E3941,30,2,0
E3942,6,1,0
E3943,15,2,1
E3944,12,1,0
E3945,10,4,0
E3946,14,3,0
E3947,6,2,0
E3948,24,2,0
E3949,20,3,1
E395,28,5,1
E3950,26,1,1
E3951,21,1,0
E3952,25,1,0
E3953,6,1,0
E3954,30,3,0
E3955,28,4,1
E3956,23,2,1
E3957,14,2,1
E3958,2,1,1
E3959,24,4,1
E396,8,5,0
E3960,27,4,0
E3961,1,1,1
E3962,25,1,1
E3963,26,5,1
E3964,17,2,0
E3965,13,5,0
E3966,17,1,0
E3967,9,2,1
E3968,26,4,1
E3969,25,5,1
E397,5,2,0
E3970,27,4,0
E3971,15,2,1
E3972,12,3,0
E3973,17,4,1
E3974,22,4,1
E3975,15,1,1
E3976,24,2,0
E3977,21,2,0
E3978,13,5,0
E3979,2,5,0
E398,13,2,1
E3980,30,3,1
E3981,1,3,0
E3982,18,2,1
E3983,24,3,1
E3984,27,4,1
E3985,9,3,0
E3986,24,2,0
E3987,14,3,1
E3988,26,2,1
E3989,24,3,0
E399,4,1,1
E3990,1,2,0
E3991,24,1,1
E3992,30,2,0
E3993,19,4,0
E3994,28,3,0
E3995,24,5,0
E3996,26,4,1
E3997,13,4,0
E3998,19,3,1
E3999,18,5,0
E400,13,2,0
E4000,9,2,0
E4001,9,3,1
E4002,17,3,0
E4003,3,2,0
E4004,9,4,0
E4005,15,2,1
E4006,30,2,1
E4007,15,2,0
E4008,18,3,1
E4009,9,5,1
E401,28,2,0
E4010,24,4,0
E4011,24,1,1
E4012,3,2,0
E4013,2,4,1
E4014,12,3,1
E4015,11,4,0
E4016,19,3,1
E4017,28,3,0
E4018,20,4,0
E4019,1,3,0
E402,2,5,0
E4020,7,3,0
E4021,17,1,1
E4022,12,3,1
E4023,4,2,0
E4024,27,5,0
E4025,24,1,1
E4026,7,4,1
E4027,7,4,0
E4028,23,2,0
E4029,3,2,1
E403,19,2,1
E4030,29,2,1
E4031,1,2,0
E4032,29,4,1
E4033,8,1,1
E4034,10,3,1
E4035,5,5,1
E4036,10,5,0
E4037,11,3,0
E4038,1,4,0
E4039,6,2,0
E404,30,2,1
E4040,11,5,0
E4041,29,4,0
E4042,20,4,1
E4043,29,1,1
E4044,14,5,0
E4045,25,5,1
E4046,9,3,1
E4047,13,2,0
E4048,17,2,1
E4049,19,4,1
E405,5,1,0
E4050,5,4,0
E4051,18,3,0
E4052,25,5,0
E4053,2,2,1
E4054,19,3,1
E4055,4,5,0
E4056,21,1,0
E4057,2,5,1
E4058,17,5,0
E4059,26,5,0
E406,26,2,0
E4060,8,2,0
E4061,26,3,0
E4062,15,2,0
E4063,25,2,1
E4064,20,5,0
E4065,3,2,1
E4066,13,1,0
E4067,30,3,0
E4068,1,1,1
E4069,2,5,1
E407,27,2,0
E4070,3,3,1
E4071,21,1,1
E4072,10,4,1
E4073,6,2,1
E4074,20,1,0
E4075,22,2,1
E4076,8,5,0
E4077,12,2,0
E4078,23,4,0
E4079,26,4,1
E408,27,1,1
E4080,9,1,0
E4081,18,1,1
E4082,20,1,1
E4083,11,5,1
E4084,1,2,0
E4085,4,4,1
E4086,11,4,1
E4087,12,3,1
E4088,3,4,0
E4089,30,3,0
E409,28,3,1
E4090,29,3,0
E4091,11,1,0
E4092,24,1,0
E4093,5,2,1
E4094,1,4,1
E4095,13,3,0
E4096,11,5,0
E4097,18,3,1
E4098,5,5,0
E4099,6,3,0
E410,13,2,1
E4100,15,5,0
E4101,6,5,0
E4102,25,2,1
E4103,4,3,0
E4104,25,2,1
E4105,13,3,0
E4106,15,4,0
E4107,7,1,1
E4108,13,1,0
E4109,23,2,0
E411,23,2,0
E4110,6,1,0
E4111,30,3,1
E4112,12,2,1
E4113,29,4,0
E4114,20,2,1
E4115,1,4,0
E4116,8,3,1
E4117,16,1,1
E4118,2,2,1
E4119,8,2,1
E412,22,5,0
E4120,30,2,0
E4121,12,2,0
E4122,22,4,1
E4123,29,5,0
E4124,4,5,1
E4125,6,4,0
E4126,4,2,0
E4127,11,1,0
E4128,4,5,1
E4129,22,3,1
E413,24,2,0
E4130,17,4,0
E4131,22,1,0
E4132,4,4,0
E4133,24,3,1
E4134,20,1,1
E4135,27,1,0
E4136,16,4,0
E4137,8,3,0
E4138,17,4,0
E4139,21,2,0
E414,8,4,0
E4140,29,4,0
E4141,17,3,0
E4142,9,1,0
E4143,26,1,1
E4144,30,2,1
E4145,12,5,1
E4146,30,2,1
E4147,5,1,1
E4148,22,5,1
E4149,29,3,0
E415,1,4,0
E4150,11,5,0
E4151,21,3,1
E4152,19,2,0
E4153,3,4,0
E4154,23,3,0
E4155,30,3,1
E4156,2,1,1
E4157,20,5,1
E4158,13,5,1
E4159,25,1,0
E416,17,3,0
E4160,9,5,1
E4161,19,2,1
E4162,18,3,0
E4163,12,3,1
E4164,22,2,0
E4165,2,5,0
E4166,18,5,1
E4167,11,5,0
E4168,15,2,0
E4169,14,3,0
E417,8,4,1
E4170,10,2,0
E4171,1,4,0
E4172,9,3,0
E4173,3,2,0
E4174,2,5,1
E4175,2,5,0
E4176,17,1,1
E4177,26,2,0
E4178,10,1,1
E4179,16,4,1
E418,15,1,1
E4180,14,3,1
E4181,20,2,1
E4182,29,2,0
E4183,30,5,1
E4184,22,5,0
E4185,28,4,1
E4186,20,5,1
E4187,3,3,0
E4188,16,1,0
E4189,4,2,0
E419,25,5,0
E4190,9,2,1
E4191,30,1,1
E4192,11,2,1
E4193,30,1,0
E4194,4,2,1
E4195,7,2,0
E4196,30,1,0
E4197,19,1,0
E4198,19,3,1
E4199,26,2,0
E420,15,2,0
E4200,30,3,0
E4201,5,2,0
E4202,19,1,0
E4203,5,2,1
E4204,9,5,0
E4205,11,2,0
E4206,21,3,0
E4207,8,4,1
E4208,6,1,0
E4209,20,2,0
E421,11,4,0
E4210,2,4,0
E4211,4,1,1
E4212,23,1,1
E4213,28,5,0
E4214,19,5,1
E4215,30,3,1
E4216,11,2,1
E4217,24,3,0
E4218,13,4,1
E4219,2,2,1
E422,28,2,0
E4220,27,1,0
E4221,30,4,0
E4222,2,4,1
E4223,6,2,1
E4224,3,2,0
E4225,28,4,1
E4226,20,4,1
E4227,18,2,0
E4228,12,1,1
E4229,30,2,1
E423,18,3,1
E4230,5,4,0
E4231,26,2,0
E4232,24,5,0
E4233,29,5,1
E4234,4,2,0
E4235,1,3,1
E4236,7,2,0
E4237,23,5,0
E4238,18,2,1
E4239,12,1,1
E424,25,1,0
E4240,8,1,1
E4241,15,5,0
E4242,8,1,1
E4243,19,5,1
E4244,25,1,1
E4245,3,1,0
E4246,27,4,0
E4247,22,2,0
E4248,6,2,0
E4249,2,2,0
E425,5,3,1
E4250,25,1,1
E4251,7,4,1
E4252,23,4,0
E4253,24,3,1
E4254,14,1,0
E4255,9,4,0
E4256,24,2,1
E4257,24,5,1
E4258,1,3,1
E4259,27,4,1
E426,1,5,1
E4260,11,1,0
E4261,9,2,0
E4262,22,5,1
E4263,25,3,0
E4264,12,2,0
E4265,22,3,1
E4266,29,1,0
E4267,26,5,1
E4268,26,5,0
E4269,28,5,0
E427,27,2,0
E4270,2,3,0
E4271,22,5,1
E4272,24,1,0
E4273,26,3,0
E4274,7,4,1
E4275,10,4,1
E4276,13,5,0
E4277,24,1,1
E4278,22,2,1
E4279,26,5,1
E428,26,2,0
E4280,12,2,0
E4281,9,2,1
E4282,2,1,0
E4283,2,2,0
E4284,10,3,0
E4285,22,5,0
E4286,1,2,0
E4287,5,2,0
E4288,23,5,0
E4289,20,1,1
E429,14,2,0
E4290,25,4,1
E4291,21,1,1
E4292,16,1,1
E4293,24,4,0
E4294,16,4,1
E4295,16,1,0
E4296,14,4,1
E4297,1,3,0
E4298,18,3,0
E4299,9,5,1
E430,9,2,1
E4300,28,3,0
E4301,12,4,0
E4302,9,3,0
E4303,4,5,1
E4304,28,4,0
E4305,12,4,0
E4306,29,5,1
E4307,24,2,0
E4308,14,1,0
E4309,28,2,1
E431,13,5,0
E4310,1,2,0
E4311,27,2,0
E4312,1,1,0
E4313,18,4,1
E4314,27,5,0
E4315,15,5,1
E4316,21,5,0
E4317,17,2,1
E4318,11,5,0
E4319,1,2,0
E432,24,1,0
E4320,8,1,1
E4321,25,2,1
E4322,17,1,0
E4323,13,5,1
E4324,5,3,1
E4325,13,2,0
E4326,27,1,0
E4327,20,5,1
E4328,16,4,1
E4329,3,3,0
E433,9,5,1
E4330,10,3,1
E4331,30,1,0
E4332,4,2,0
E4333,16,5,1
E4334,1,1,1
E4335,27,4,1
E4336,12,5,0
E4337,1,2,1
E4338,21,2,1
E4339,19,3,1
E434,10,2,1
E4340,30,5,1
E4341,22,2,0
E4342,24,3,0
E4343,30,1,0
E4344,5,4,1
E4345,26,3,0
E4346,6,3,1
E4347,24,5,1
E4348,22,2,1
E4349,8,2,1
E435,29,4,0
E4350,23,5,0
E4351,6,4,1
E4352,19,2,0
E4353,24,2,1
E4354,22,4,1
E4355,18,3,0
E4356,12,2,1
E4357,22,1,0
E4358,11,5,1
E4359,6,4,1
E436,1,2,0
E4360,5,3,1
E4361,5,3,0
E4362,18,5,1
E4363,21,5,0
E4364,23,1,1
E4365,26,4,0
E4366,18,2,1
E4367,29,1,0
E4368,1,2,1
E4369,25,3,0
E437,11,3,0
E4370,1,3,1
E4371,6,4,1
E4372,25,1,1
E4373,3,5,0
E4374,11,2,1
E4375,21,5,1
E4376,11,5,1
E4377,22,2,1
E4378,14,3,1
E4379,19,4,1
E438,18,3,1
E4380,21,4,0
E4381,23,4,1
E4382,9,2,1
E4383,29,5,1
E4384,25,3,0
E4385,26,4,0
E4386,23,2,0
E4387,14,2,1
E4388,6,2,0
E4389,14,3,0
E439,22,5,0
E4390,4,5,1
E4391,26,4,1
E4392,19,1,0
E4393,5,3,1
E4394,25,2,0
E4395,2,4,0
E4396,8,2,0
E4397,9,2,0
E4398,24,4,1
E4399,18,2,0
E440,30,2,0
E4400,5,5,1
E4401,2,1,1
E4402,28,3,1
E4403,6,5,1
E4404,29,2,1
E4405,26,5,0
E4406,19,4,1
E4407,30,4,1
E4408,29,2,1
E4409,13,1,1
E441,16,3,0
E4410,7,4,1
E4411,10,1,0
E4412,20,5,1
E4413,12,5,1
E4414,18,5,1
E4415,18,1,0
E4416,20,5,1
E4417,26,4,1
E4418,14,3,0
E4419,1,1,0
E442,25,5,0
E4420,18,2,0
E4421,30,4,1
E4422,25,3,1
E4423,5,4,0
E4424,5,2,0
E4425,30,1,0
E4426,27,1,1
E4427,21,3,1
E4428,14,2,1
E4429,24,1,1
E443,15,2,0
E4430,19,3,0
E4431,2,2,0
E4432,27,1,1
E4433,20,1,0
E4434,26,2,0
E4435,24,2,0
E4436,1,3,0
E4437,21,1,1
E4438,1,5,1
E4439,22,4,0
E444,19,2,1
E4440,25,3,1
E4441,20,2,1
E4442,16,3,0
E4443,30,1,0
E4444,19,4,1
E4445,12,1,1
E4446,8,5,1
E4447,14,2,1
E4448,7,2,0
E4449,5,4,1
E445,11,1,1
E4450,22,5,0
E4451,18,1,1
E4452,22,3,1
E4453,15,1,0
E4454,25,2,0
E4455,23,3,0
E4456,14,3,1
E4457,14,1,1
E4458,16,4,0
E4459,5,1,0
E446,11,2,0
E4460,3,2,1
E4461,28,3,0
E4462,27,1,0
E4463,7,5,0
E4464,2,3,0
E4465,16,5,1
E4466,7,2,1
E4467,13,1,1
E4468,23,2,0
E4469,9,4,0
E447,16,3,1
E4470,23,1,1
E4471,19,1,0
E4472,1,5,1
E4473,14,3,0
E4474,24,2,0
E4475,1,5,0
E4476,14,5,0
E4477,2,3,0
E4478,3,5,0
E4479,17,1,1
E448,3,2,1
E4480,2,5,1
E4481,1,2,0
E4482,1,3,0
E4483,2,2,0
E4484,12,5,1
E4485,16,1,1
E4486,24,1,1
E4487,27,2,0
E4488,28,3,0
E4489,3,5,1
E449,26,1,0
E4490,22,1,0
E4491,23,2,0
E4492,1,3,0
E4493,29,3,0
E4494,3,1,0
E4495,11,1,1
E4496,17,1,1
E4497,6,2,1
E4498,10,5,1
E4499,15,2,0
E450,2,5,0
E4500,24,3,1
E4501,21,5,1
E4502,12,4,1
E4503,28,5,1
E4504,12,2,1
E4505,24,3,1
E4506,14,5,1
E4507,24,4,0
E4508,2,1,0
E4509,9,1,1
E451,3,5,0
E4510,2,3,0
E4511,18,3,1
E4512,15,5,0
E4513,22,1,0
E4514,6,3,1
E4515,20,1,1
E4516,27,1,1
E4517,26,2,1
E4518,2,1,1
E4519,4,5,1
E452,15,4,1
E4520,14,1,0
E4521,9,2,0
E4522,23,4,0
E4523,25,1,1
E4524,3,2,1
E4525,19,1,1
E4526,5,1,1
E4527,6,2,0
E4528,20,3,0
E4529,12,3,1
E453,3,3,0
E4530,25,5,1
E4531,16,4,0
E4532,7,1,0
E4533,22,2,0
E4534,18,1,1
E4535,13,4,0
E4536,3,2,1
E4537,14,3,0
E4538,2,1,1
E4539,27,4,0
E454,13,4,0
E4540,18,1,0
E4541,30,5,1
E4542,2,2,1
E4543,4,2,1
E4544,9,1,1
E4545,9,2,0
E4546,3,5,0
E4547,18,1,1
E4548,7,3,1
E4549,21,4,1
E455,30,4,0
E4550,17,2,1
E4551,4,2,1
E4552,17,3,1
E4553,20,5,1
E4554,24,3,1
E4555,11,4,0
E4556,24,4,1
E4557,27,3,1
E4558,9,3,1
E4559,25,5,0
E456,30,2,0
E4560,19,2,0
E4561,25,4,1
E4562,5,1,0
E4563,8,5,1
E4564,1,3,0
E4565,17,1,1
E4566,13,5,0
E4567,30,5,1
E4568,11,5,1
E4569,25,4,1
E457,29,5,1
E4570,11,5,0
E4571,12,3,1
E4572,6,5,0
E4573,8,2,1
E4574,13,1,0
E4575,6,2,1
E4576,10,1,1
E4577,9,1,1
E4578,21,2,0
E4579,19,4,1
E458,25,2,0
E4580,2,2,0
E4581,30,1,1
E4582,1,2,1
E4583,5,2,0
E4584,13,3,1
E4585,11,2,1
E4586,9,2,0
E4587,1,2,1
E4588,25,2,0
E4589,1,5,1
E459,6,1,0
E4590,13,1,0
E4591,12,2,0
E4592,13,2,1
E4593,4,1,1
E4594,8,2,1
E4595,21,4,1
E4596,11,5,1
E4597,29,2,0
E4598,16,5,1
E4599,21,3,0
E460,3,1,0
E4600,17,2,0
E4601,11,4,0
E4602,19,2,0
E4603,27,1,0
E4604,30,5,0
E4605,20,1,1
E4606,20,5,0
E4607,13,2,0
E4608,29,3,0
E4609,5,2,0
E461,1,4,1
E4610,3,2,0
E4611,8,3,0
E4612,20,5,0
E4613,21,5,1
E4614,12,2,1
E4615,25,3,0
E4616,13,1,0
E4617,5,1,1
E4618,19,2,1
E4619,2,5,1
E462,2,1,1
E4620,12,2,0
E4621,27,1,1
E4622,6,5,1
E4623,15,3,0
E4624,22,1,0
E4625,14,5,0
E4626,13,5,0
E4627,30,4,0
E4628,28,3,1
E4629,10,3,0
E463,26,3,1
E4630,19,3,1
E4631,16,4,1
E4632,1,4,1
E4633,9,3,1
E4634,18,3,1
E4635,4,5,1
E4636,26,3,1
E4637,20,3,0
E4638,6,1,1
E4639,21,2,0
E464,28,2,0
E4640,14,5,1
E4641,8,2,1
E4642,23,4,0
E4643,17,1,1
E4644,27,5,1
E4645,13,2,1
E4646,1,5,0
E4647,15,5,1
E4648,8,2,1
E4649,6,4,0
E465,6,1,1
E4650,18,4,0
E4651,11,5,1
E4652,19,2,1
E4653,21,4,1
E4654,27,1,1
E4655,23,2,1
E4656,8,3,1
E4657,6,1,0
E4658,12,4,1
E4659,11,2,0
E466,18,5,1
E4660,3,2,0
E4661,10,1,1
E4662,9,5,1
E4663,27,1,1
E4664,28,1,0
E4665,30,1,1
E4666,15,3,1
E4667,3,5,1
E4668,26,2,0
E4669,30,4,0
E467,25,1,0
E4670,22,1,0
E4671,30,1,0
E4672,26,4,1
E4673,16,1,0
E4674,24,2,1
E4675,9,5,1
E4676,6,1,1
E4677,8,3,1
E4678,7,1,1
E4679,12,4,0
E468,16,2,0
E4680,10,4,0
E4681,14,1,0
E4682,30,1,1
E4683,30,2,0
E4684,23,5,0
E4685,6,1,1
E4686,4,2,0
E4687,4,4,1
E4688,9,5,0
E4689,10,5,0
E469,17,4,0
E4690,20,5,0
E4691,23,3,0
E4692,4,4,0
E4693,25,3,0
E4694,15,5,1
E4695,3,3,0
E4696,24,1,1
E4697,13,3,1
E4698,5,1,1
E4699,1,3,1
E470,25,1,1
E4700,23,3,1
E4701,6,2,1
E4702,8,1,0
E4703,30,5,1
E4704,13,3,1
E4705,29,2,1
E4706,2,4,0
E4707,25,2,0
E4708,6,5,0
E4709,18,2,1
E471,13,5,0
E4710,30,4,0
E4711,15,3,1
E4712,5,3,1
E4713,11,5,0
E4714,28,3,0
E4715,23,2,0
E4716,14,4,1
E4717,26,3,0
E4718,12,1,1
E4719,6,4,1
E472,26,3,1
E4720,27,1,1
E4721,7,3,0
E4722,22,1,0
E4723,10,5,0
E4724,30,2,1
E4725,13,4,0
E4726,28,4,1
E4727,30,1,0
E4728,2,4,1
E4729,3,1,1
E473,28,1,0
E4730,30,1,1
E4731,1,5,0
E4732,14,5,1
E4733,25,3,1
E4734,17,2,1
E4735,18,5,0
E4736,27,3,0
E4737,1,4,0
E4738,9,1,1
E4739,16,2,0
E474,21,4,1
E4740,14,2,1
E4741,29,1,0
E4742,27,4,0
E4743,27,5,0
E4744,3,1,1
E4745,16,3,0
E4746,8,1,0
E4747,24,1,1
E4748,24,5,1
E4749,7,2,0
E475,28,1,1
E4750,24,3,0
E4751,5,2,0
E4752,9,1,0
E4753,22,5,0
E4754,25,1,0
E4755,26,3,0
E4756,21,4,0
E4757,5,5,0
E4758,4,4,0
E4759,22,4,0
E476,17,4,0
E4760,1,4,1
E4761,10,5,1
E4762,29,3,0
E4763,7,2,0
E4764,25,4,0
E4765,3,5,1
E4766,19,4,0
E4767,28,5,0
E4768,15,4,0
E4769,8,3,1
E477,18,3,1
E4770,23,2,0
E4771,21,2,1
E4772,1,2,0
E4773,21,5,0
E4774,23,1,0
E4775,12,4,0
E4776,30,3,1
E4777,24,1,1
E4778,23,2,0
E4779,10,1,1
E478,25,1,0
E4780,21,4,1
E4781,2,2,0
E4782,27,3,0
E4783,27,1,1
E4784,10,5,1
E4785,26,5,0
E4786,18,2,1
E4787,20,1,1
E4788,18,3,0
E4789,29,2,0
E479,21,1,0
E4790,20,4,1
E4791,30,1,1
E4792,8,2,0
E4793,25,5,1
E4794,28,4,0
E4795,29,3,0
E4796,3,3,1
E4797,14,4,1
E4798,24,2,0
E4799,2,1,1
E480,5,2,0
E4800,25,2,1
E4801,1,1,0
E4802,5,2,1
E4803,23,2,1
E4804,3,2,1
E4805,27,5,1
E4806,18,5,1
E4807,29,5,1
E4808,6,3,0
E4809,9,2,0
E481,14,2,0
E4810,18,2,0
E4811,1,1,0
E4812,8,5,0
E4813,25,2,1
E4814,27,3,1
E4815,24,1,0
E4816,2,5,1
E4817,3,2,1
E4818,25,2,0
E4819,12,3,0
E482,2,4,0
E4820,28,5,1
E4821,11,2,0
E4822,10,2,0
E4823,4,2,1
E4824,2,2,0
E4825,30,2,0
E4826,24,5,1
E4827,17,3,0
E4828,8,2,1
E4829,4,2,1
E483,8,4,1
E4830,20,3,1
E4831,16,2,1
E4832,24,3,0
E4833,16,2,0
E4834,22,4,1
E4835,29,2,0
E4836,1,3,1
E4837,20,4,1
E4838,6,4,0
E4839,23,1,0
E484,4,3,1
E4840,1,3,1
E4841,2,5,1
E4842,26,2,0
E4843,4,2,1
E4844,4,1,0
E4845,29,1,0
E4846,30,1,1
E4847,29,4,0
E4848,14,1,0
E4849,3,5,0
E485,25,1,1
E4850,10,4,0
E4851,18,2,1
E4852,3,4,0
E4853,19,3,1
E4854,25,2,0
E4855,1,1,1
E4856,10,3,1
E4857,18,4,0
E4858,29,5,1
E4859,7,3,0
E486,4,4,1
E4860,20,3,1
E4861,7,1,0
E4862,8,3,1
E4863,16,2,1
E4864,26,1,1
E4865,19,2,0
E4866,25,1,1
E4867,23,3,1
E4868,25,3,0
E4869,17,5,1
E487,5,5,1
E4870,3,3,0
E4871,30,5,0
E4872,1,2,1
E4873,28,4,1
E4874,7,4,0
E4875,10,4,1
E4876,30,4,0
E4877,13,4,0
E4878,23,2,1
E4879,12,1,0
E488,25,5,1
E4880,5,2,0
E4881,6,1,0
E4882,2,5,0
E4883,18,2,1
E4884,27,3,1
E4885,9,5,1
E4886,27,2,0
E4887,28,4,1
E4888,1,4,1
E4889,21,3,1
E489,10,1,1
E4890,26,2,0
E4891,1,1,1
E4892,29,4,1
E4893,30,2,1
E4894,7,3,1
E4895,15,1,1
E4896,28,1,0
E4897,13,2,1
E4898,8,2,1
E4899,26,1,1
E490,19,1,0
E4900,8,4,1
E4901,11,1,0
E4902,10,1,1
E4903,23,4,0
E4904,7,5,0
E4905,24,3,1
E4906,24,4,1
E4907,1,3,0
E4908,2,4,1
E4909,16,4,1
E491,4,3,0
E4910,24,3,1
E4911,8,1,1
E4912,15,1,0
E4913,25,3,1
E4914,5,2,1
E4915,18,2,1
E4916,1,4,1
E4917,15,2,0
E4918,4,3,1
E4919,24,2,1
E492,12,4,1
E4920,24,4,0
E4921,21,5,1
E4922,28,5,1
E4923,9,3,1
E4924,25,3,0
E4925,11,4,1
E4926,25,5,1
E4927,14,5,0
E4928,18,1,0
E4929,9,3,1
E493,25,3,0
E4930,26,5,1
E4931,3,4,1
E4932,22,1,1
E4933,17,2,0
E4934,8,5,0
E4935,9,5,0
E4936,12,3,1
E4937,14,5,1
E4938,28,4,0
E4939,11,2,0
E494,15,4,1
E4940,14,1,0
E4941,3,3,0
E4942,8,1,0
E4943,21,5,1
E4944,25,4,0
E4945,6,3,1
E4946,30,1,1
E4947,24,2,1
E4948,13,2,1
E4949,12,4,0
E495,15,2,1
E4950,19,3,0
E4951,21,4,1
E4952,21,2,0
E4953,8,2,0
E4954,22,3,0
E4955,2,5,0
E4956,4,5,1
E4957,10,5,1
E4958,26,2,1
E4959,20,3,0
E496,30,1,0
E4960,11,4,1
E4961,20,4,0
E4962,22,5,1
E4963,3,3,1
E4964,13,3,0
E4965,9,1,1
E4966,14,3,0
E4967,5,2,0
E4968,19,4,1
E4969,13,2,1
E497,30,3,0
E4970,3,2,1
E4971,13,5,1
E4972,10,3,0
E4973,18,2,0
E4974,3,4,1
E4975,22,2,1
E4976,10,2,1
E4977,24,4,1
E4978,19,1,0
E4979,16,5,0
E498,15,5,1
E4980,26,2,0
E4981,20,1,1
E4982,29,3,1
E4983,17,2,0
E4984,30,2,1
E4985,14,2,0
E4986,11,5,1
E4987,4,2,1
E4988,9,3,1
E4989,16,2,1
E499,14,2,0
E4990,10,5,0
E4991,6,2,1
E4992,4,3,0
E4993,18,3,0
E4994,19,5,1
E4995,2,2,0
E4996,5,3,1
E4997,29,2,1
E4998,29,4,0
E4999,28,5,0
E500,30,4,0
E5000,16,1,1
E501,25,5,1
E502,5,2,0
E503,11,3,0
E504,6,4,1
E505,12,3,1
E506,21,4,1
E507,29,4,1
E508,30,1,0
E509,8,2,0
E510,14,1,0
E511,10,1,0
E512,8,1,0
E513,26,2,0
E514,3,1,0
E515,14,5,1
E516,28,5,0
E517,5,3,1
E518,29,4,0
E519,4,5,1
E520,10,2,0
E521,15,1,0
E522,30,5,1
E523,20,3,1
E524,24,3,0
E525,22,2,0
E526,18,5,0
E527,25,1,1
E528,9,5,0
E529,16,4,0
E530,17,3,1
E531,22,1,1
E532,6,1,1
E533,17,4,0
E534,20,5,1
E535,26,3,1
E536,23,3,0
E537,23,1,1
E538,3,2,1
E539,6,1,1
E540,15,2,0
E541,27,5,0
E542,16,5,0
E543,30,5,0
E544,26,3,0
E545,6,3,0
E546,2,3,1
E547,16,3,0
E548,25,4,1
E549,26,2,1
E550,30,4,1
E551,18,1,1
E552,6,1,1
E553,21,2,0
E554,11,3,0
E555,7,2,1
E556,9,2,1
E557,21,1,0
E558,12,4,0
E559,27,2,1
E560,25,3,1
E561,9,4,1
E562,19,5,1
E563,17,2,1
E564,29,4,1
E565,3,5,0
E566,14,2,1
E567,5,1,0
E568,1,2,1
E569,28,2,1
E570,2,2,1
E571,11,5,0
E572,17,1,0
E573,16,5,0
E574,28,5,1
E575,20,2,0
E576,12,1,0
E577,15,2,0
E578,25,2,0
E579,25,5,1
E580,1,4,0
E581,17,5,1
E582,28,1,0
E583,13,5,1
E584,15,1,1
E585,13,5,1
E586,6,2,1
E587,18,5,1
E588,13,1,1
E589,16,3,1
E590,22,4,0
E591,4,2,1
E592,15,3,1
E593,1,1,0
E594,12,4,1
E595,29,2,0
E596,19,1,0
E597,2,2,1
E598,9,3,1
E599,10,4,0
E600,17,1,1
E601,30,3,1
E602,28,4,1
E603,26,3,0
E604,6,1,1
E605,12,1,0
E606,8,4,0
E607,15,4,0
E608,29,1,0
E609,6,4,1
E610,24,4,0
E611,20,1,0
E612,18,2,1
E613,24,1,0
E614,5,5,0
E615,24,2,0
E616,4,5,0
E617,20,5,1
E618,20,5,1
E619,14,1,1
E620,1,3,1
E621,11,2,0
E622,23,3,0
E623,30,2,0
E624,3,2,1
E625,9,1,0
E626,11,5,0
E627,22,5,1
E628,13,4,1
E629,13,5,0
E630,13,1,0
E631,17,1,1
E632,15,1,0
E633,6,1,0
E634,17,2,0
E635,11,5,1
E636,15,3,1
E637,16,2,1
E638,17,1,1
E639,28,1,1
E640,26,3,1
E641,6,3,0
E642,27,3,0
E643,22,2,1
E644,30,1,0
E645,12,2,1
E646,2,2,0
E647,17,3,0
E648,27,2,0
E649,9,1,0
E650,30,3,0
E651,7,5,0
E652,4,3,0
E653,20,4,1
E654,23,3,0
E655,26,2,1
E656,12,1,0
E657,8,4,0
E658,20,2,0
E659,10,3,0
E660,5,3,1
E661,20,4,1
E662,21,2,0
E663,3,2,1
E664,11,1,0
E665,15,4,1
E666,8,2,1
E667,17,3,0
E668,16,4,0
E669,23,3,0
E670,13,2,0
E671,30,4,0
E672,9,3,0
E673,14,4,0
E674,24,5,1
E675,9,4,1
E676,27,5,1
E677,25,2,1
E678,10,2,1
E679,23,1,1
E680,5,1,1
E681,21,2,1
E682,15,5,0
E683,7,4,1
E684,2,2,0
E685,21,2,0
E686,27,3,0
E687,7,5,0
E688,27,1,0
E689,2,4,1
E690,6,4,0
E691,14,3,1
E692,9,2,0
E693,18,4,0
E694,8,2,0
E695,20,4,1
E696,25,3,1
E697,28,4,0
E698,30,5,1
E699,4,4,1
E700,2,3,1
E701,30,4,0
E702,2,4,0
E703,4,5,0
E704,25,3,0
E705,1,1,0
E706,9,2,0
E707,16,2,1
E708,11,3,1
E709,29,2,1
E710,18,4,0
E711,2,1,1
E712,14,4,1
E713,14,5,0
E714,6,4,1
E715,30,3,0
E716,10,5,0
E717,8,5,1
E718,3,1,0
E719,14,3,0
E720,20,4,1
E721,15,3,0
E722,14,4,1
E723,30,5,0
E724,23,1,1
E725,21,4,0
E726,8,2,0
E727,5,4,1
E728,8,5,0
E729,18,3,0
E730,14,2,1
E731,5,1,1
E732,19,2,0
E733,6,3,1
E734,14,3,1
E735,11,1,1
E736,29,4,0
E737,3,3,1
E738,2,4,1
E739,13,2,0
E740,6,3,1
E741,28,1,1
E742,30,5,1
E743,2,2,1
E744,24,1,1
E745,15,2,0
E746,13,3,1
E747,16,4,0
E748,12,3,1
E749,14,3,0
E750,7,2,1
E751,9,3,1
E752,19,3,0
E753,2,4,0
E754,28,2,0
E755,2,4,1
E756,9,5,1
E757,24,2,0
E758,11,2,1
E759,20,1,1
E760,2,1,0
E761,22,3,0
E762,28,5,1
E763,8,3,1
E764,12,5,1
E765,11,2,0
E766,13,3,1
E767,26,3,1
E768,19,2,0
E769,3,3,1
E770,4,3,0
E771,11,5,1
E772,1,1,1
E773,12,4,0
E774,27,5,0
E775,5,1,0
E776,25,3,0
E777,22,5,1
E778,13,2,0
E779,18,4,1
E780,13,4,1
E781,25,5,0
E782,26,1,0
E783,25,4,1
E784,17,4,0
E785,8,2,1
E786,2,1,1
E787,6,1,1
E788,14,4,1
E789,19,4,0
E790,10,4,1
E791,13,4,0
E792,21,3,1
E793,8,2,0
E794,2,1,0
E795,26,2,1
E796,10,1,0
E797,20,4,1
E798,17,5,1
E799,13,4,1
E800,23,4,0
E801,13,2,0
E802,18,4,1
E803,13,1,1
E804,21,2,0
E805,9,2,1
E806,9,4,0
E807,9,3,0
E808,13,3,1
E809,19,2,1
E810,29,3,0
E811,30,3,1
E812,20,1,1
E813,9,2,1
E814,20,4,0
E815,7,4,0
E816,7,5,0
E817,11,3,0
E818,9,1,1
E819,1,1,0
E820,15,5,1
E821,11,2,1
E822,9,2,0
E823,30,2,0
E824,27,2,0
E825,6,2,1
E826,27,5,0
E827,6,2,1
E828,25,5,0
E829,26,4,1
E830,6,1,0
E831,30,2,1
E832,19,5,0
E833,20,2,0
E834,15,1,0
E835,4,1,1
E836,9,5,1
E837,25,5,1
E838,29,5,0
E839,29,4,0
E840,25,1,0
E841,20,4,1
E842,28,2,1
E843,30,3,1
E844,24,1,0
E845,6,5,1
E846,28,1,1
E847,20,1,1
E848,2,1,0
E849,17,5,0
E850,10,3,0
E851,26,4,1
E852,11,1,0
E853,11,2,0
E854,2,4,0
E855,24,2,0
E856,5,3,1
E857,19,3,1
E858,29,1,0
E859,18,3,0
E860,2,3,1
E861,17,2,0
E862,25,2,0
E863,23,1,1
E864,20,2,0
E865,15,1,0
E866,18,3,0
E867,7,5,1
E868,4,5,0
E869,22,2,0
E870,9,2,0
E871,26,2,1
E872,17,4,0
E873,27,2,0
E874,6,1,1
E875,28,3,1
E876,4,3,1
E877,7,5,1
E878,29,1,0
E879,13,5,0
E880,2,3,0
E881,9,3,0
E882,17,1,1
E883,6,4,0
E884,30,5,0
E885,6,4,1
E886,6,1,1
E887,22,2,0
E888,23,4,1
E889,12,5,0
E890,18,5,1
E891,30,1,1
E892,24,3,1
E893,8,3,0
E894,22,3,0
E895,24,2,0
E896,12,2,1
E897,27,2,1
E898,1,4,0
E899,20,2,0
E900,18,4,0
E901,19,4,1
E902,20,3,1
E903,24,1,0
E904,2,5,0
E905,3,1,0
E906,22,1,0
E907,10,2,1
E908,28,4,1
E909,15,3,1
E910,14,2,1
E911,28,1,0
E912,22,3,0
E913,2,5,0
E914,7,5,0
E915,17,2,1
E916,11,2,0
E917,12,5,0
E918,26,2,1
E919,16,5,1
E920,23,1,1
E921,3,5,1
E922,9,2,0
E923,25,2,1
E924,15,3,0
E925,9,1,1
E926,11,4,1
E927,15,4,0
E928,17,5,0
E929,4,3,1
E930,11,3,0
E931,2,3,1
E932,10,1,0
E933,2,5,0
E934,6,4,1
E935,8,4,1
E936,10,4,0
E937,22,5,1
E938,22,1,1
E939,29,3,1
E940,11,2,0
E941,17,2,1
E942,8,4,0
E943,24,2,0
E944,23,1,1
E945,10,2,1
E946,29,3,1
E947,13,4,0
E948,18,1,0
E949,9,3,1
E950,17,3,0
E951,18,2,0
E952,18,5,0
E953,23,4,0
E954,17,3,1
E955,14,3,1
E956,17,3,1
E957,20,4,1
E958,28,1,0
E959,5,4,1
E960,2,2,1
E961,11,3,0
E962,27,4,1
E963,29,5,1
E964,26,3,0
E965,8,5,1
E966,11,4,0
E967,21,3,0
E968,16,3,0
E969,29,1,1
E970,30,3,0
E971,29,1,0
E972,26,2,1
E973,14,4,1
E974,30,4,0
E975,20,4,0
E976,19,3,1
E977,5,3,1
E978,2,2,1
E979,26,3,1
E980,25,2,1
E981,15,1,1
E982,25,5,0
E983,10,5,0
E984,14,3,1
E985,22,1,0
E986,1,3,0
E987,8,2,0
E988,27,4,1
E989,12,2,0
E990,20,1,0
E991,14,4,0
E992,24,4,1
E993,25,1,0
E994,26,4,0
E995,16,5,1
E996,3,2,0
E997,13,1,0
E998,5,4,0
E999,29,2,0
